#Chr,Start,End,CN
chr1,10485,126219,9
chr1,132314,252387,3
chr1,527487,2582492,3
chr1,2693799,3849920,3
chr1,3994920,13219912,3
chr1,13351155,13386377,3
chr1,13514395,13519395,3
chr1,13735227,24256637,3
chr1,24281002,24313498,9
chr1,24338498,25590373,3
chr1,25590373,25621145,7
chr1,25621147,29878082,3
chr1,30028082,55092300,3
chr1,55103399,93613021,3
chr1,93613021,93620247,7
chr1,93620247,103785126,3
chr1,103913906,108296689,3
chr1,108296689,119010719,4
chr1,119010719,120936685,5
chr1,121086698,121349829,5
chr1,121349829,121351595,2
chr1,142543754,142837872,2
chr1,142840597,142893361,1
chr1,142955514,142966274,2
chr1,143117763,143544525,4
chr1,143660151,143770922,4
chr1,143871002,144191705,4
chr1,144328314,144338314,4
chr1,144452606,144708795,4
chr1,144811669,145833117,4
chr1,145987067,146017396,4
chr1,146243767,147424817,4
chr1,147528801,147551330,4
chr1,147706477,148026034,4
chr1,148176038,148361358,4
chr1,148511358,148754909,4
chr1,148785523,148824939,4
chr1,148845858,149032493,4
chr1,149038041,149221211,100
chr1,149221211,149226886,4
chr1,149230930,149263449,28
chr1,149271468,149335570,4
chr1,149335570,149368049,21
chr1,149378542,149433401,100
chr1,149516996,152555480,4
chr1,152555480,152590169,100
chr1,152590169,155182045,4
chr1,155182045,155190755,15
chr1,155190755,156514292,4
chr1,156514292,156674478,5
chr1,156674478,158868760,4
chr1,158869586,159648906,4
chr1,159649530,174218685,4
chr1,174218685,174548204,3
chr1,174548204,205926632,4
chr1,206072707,206336056,4
chr1,206482221,214775748,4
chr1,214775748,222653660,3
chr1,222656865,236158340,3
chr1,236158340,248912526,4
chr1,249062526,249225340,4
chr2,13454,40766700,3
chr2,40767297,41187544,3
chr2,41187544,41851511,2
chr2,41851511,76774665,3
chr2,76775282,87177338,3
chr2,87212338,87252412,3
chr2,87268655,87608185,3
chr2,87740602,89625088,3
chr2,89880436,89937593,3
chr2,89942593,90265886,3
chr2,90407327,90475028,3
chr2,91635768,92267489,3
chr2,95326171,106760712,3
chr2,106760712,106880397,2
chr2,106881595,108275317,2
chr2,108280317,110113857,2
chr2,110248857,110542218,2
chr2,110733137,111008704,2
chr2,111023704,111151966,2
chr2,111344425,117771913,2
chr2,117771913,117777090,4
chr2,117777090,117783384,5
chr2,117783384,131221523,2
chr2,131233997,131288039,2
chr2,131328039,138602269,2
chr2,138602269,138612448,4
chr2,138612448,146855624,2
chr2,146855624,146872752,5
chr2,146872752,162135049,2
chr2,162135384,162144182,4
chr2,162149182,177268772,2
chr2,177271565,183090568,2
chr2,183091068,184849287,2
chr2,184849787,208352967,2
chr2,208352967,208359328,5
chr2,208359328,222365502,2
chr2,222365502,222672340,1
chr2,222672340,227165726,2
chr2,227169258,228771277,2
chr2,228771277,228783063,5
chr2,228783063,243062019,2
chr2,243062039,243085389,5
chr2,243085389,243187975,2
chr3,60000,9702436,3
chr3,9702436,10013210,4
chr3,10013210,48626439,3
chr3,48626439,48631230,5
chr3,48631230,60033311,3
chr3,60033311,60290678,2
chr3,60290678,60556563,1
chr3,60561018,60563081,1
chr3,60565698,60567678,1
chr3,60570256,60577461,1
chr3,60579850,60582223,1
chr3,60582892,60583768,1
chr3,60584863,60586026,1
chr3,60590257,60591140,1
chr3,60592458,60593618,1
chr3,60594353,60595624,1
chr3,60598849,60602894,1
chr3,60604033,60615050,1
chr3,60616152,60616855,1
chr3,60618453,60620938,1
chr3,60624599,60629561,1
chr3,60632813,60633705,1
chr3,60634523,60635979,1
chr3,60637445,60637945,1
chr3,60655623,61125403,1
chr3,61125403,65531331,2
chr3,65531331,65894483,1
chr3,65894483,65901495,3
chr3,65901495,66025389,1
chr3,66025389,68736251,2
chr3,68741251,68747683,5
chr3,68747683,90124968,2
chr3,90124968,90311949,3
chr3,93527460,95000138,3
chr3,95000138,98947133,2
chr3,98948732,99228718,2
chr3,99228718,112643760,3
chr3,112643760,112650208,5
chr3,112650208,120162538,3
chr3,120164301,129076376,3
chr3,129077560,129079153,3
chr3,129084153,136603244,3
chr3,136603244,136632377,7
chr3,136632377,145506305,3
chr3,145506305,162514458,4
chr3,162569400,162570101,4
chr3,162584403,162585138,4
chr3,162602315,162603291,4
chr3,162623850,192875787,4
chr3,192883457,192883957,4
chr3,192884937,197910311,4
chr4,27175,9170304,2
chr4,9173177,9191016,2
chr4,9191016,9197772,5
chr4,9199164,9217084,5
chr4,9232561,9251799,2
chr4,9370793,10217781,2
chr4,10217781,10227327,5
chr4,10227327,10229619,2
chr4,10229619,10236065,5
chr4,10236065,49323812,2
chr4,49488941,49515469,1
chr4,49516028,49631009,2
chr4,52687650,104741167,2
chr4,104741167,104746728,4
chr4,104746728,104761899,6
chr4,104761899,128072735,2
chr4,128072735,128468369,1
chr4,128468369,137830665,2
chr4,137830665,137842008,4
chr4,137842008,158519508,2
chr4,158519508,161335829,1
chr4,161335829,166003594,2
chr4,166004460,173340822,2
chr4,173340822,173348822,4
chr4,173348822,173696311,2
chr4,173696311,173701836,6
chr4,173701836,186442146,2
chr4,186443952,190966833,2
chr4,190977588,191006231,2
chr5,17963,34102549,6
chr5,34102549,36235436,5
chr5,36235436,36240624,9
chr5,36240624,37670470,5
chr5,37670470,37692616,14
chr5,37692616,38267285,5
chr5,38267285,38282099,9
chr5,38282099,40338544,5
chr5,40347334,45272759,5
chr5,45272759,45913294,4
chr5,46093294,46123423,4
chr5,49558423,49562042,4
chr5,49562042,57324465,3
chr5,57330903,58449735,3
chr5,58449735,58849699,1
chr5,58849699,68928876,3
chr5,69237988,69488612,3
chr5,69715594,69957192,3
chr5,70150381,70174418,3
chr5,70189418,70194418,3
chr5,70305412,70311051,3
chr5,70351051,70494904,3
chr5,70612810,83952451,3
chr5,83954544,92062043,3
chr5,92062043,92066124,7
chr5,92066124,102971957,3
chr5,102971957,102977687,7
chr5,102977687,133557726,3
chr5,133557726,133560891,7
chr5,133560891,134259302,3
chr5,134259302,134264208,29
chr5,134264208,135816902,3
chr5,135816902,135828136,5
chr5,135828136,147553050,3
chr5,147553908,167076615,3
chr5,167076615,167082610,8
chr5,167082610,180854202,3
chr6,143476,381695,2
chr6,381695,9273587,3
chr6,9273587,9284284,7
chr6,9284284,28710761,3
chr6,28750761,28859124,3
chr6,28889124,28894124,3
chr6,28909124,28914124,3
chr6,28948243,28973243,3
chr6,29068414,29070560,3
chr6,29188248,29367739,3
chr6,29465465,29731197,3
chr6,29792349,29802349,1
chr6,29805772,29815772,1
chr6,29820772,29825772,1
chr6,29825772,29945461,3
chr6,29960461,29976030,3
chr6,30024161,30183107,3
chr6,30208107,30213107,3
chr6,30368107,30438309,3
chr6,30465210,30470210,3
chr6,30575210,31054523,3
chr6,31059523,31064523,3
chr6,31074523,31145812,3
chr6,31165812,31170812,3
chr6,31190812,31247042,3
chr6,31248091,31282661,10
chr6,31318726,31443086,22
chr6,31443086,31482846,3
chr6,31577846,31592846,1
chr6,31602846,31622846,1
chr6,31652846,31662846,1
chr6,31707846,31879275,3
chr6,31963308,32319271,3
chr6,32329271,32369271,3
chr6,32369271,32413039,14
chr6,32438039,32455726,3
chr6,32489181,32494834,3
chr6,32494834,32665421,63
chr6,32665421,32674736,3
chr6,32679736,32797656,3
chr6,32797656,32807656,8
chr6,32817656,32907794,8
chr6,32937794,33101311,16
chr6,33106311,33359926,3
chr6,33394926,33399926,3
chr6,33454926,48930534,3
chr6,48930534,48936904,8
chr6,48936904,50576822,3
chr6,50576822,50599734,8
chr6,50599734,53929151,3
chr6,53929151,53932712,7
chr6,53932712,54663780,3
chr6,54664967,58299919,3
chr6,58299919,58312890,1
chr6,58312890,58720004,3
chr6,61966206,62127801,3
chr6,62233589,64449989,3
chr6,64449989,69111189,2
chr6,69116189,70015233,3
chr6,70016983,74592036,3
chr6,74602228,78967832,3
chr6,78973065,78975079,1
chr6,78976958,78977580,1
chr6,79000337,79001223,1
chr6,79011277,79011777,1
chr6,79023451,79024370,1
chr6,79026987,79027770,1
chr6,79036566,95677643,3
chr6,95827643,116641244,3
chr6,116641244,119165135,2
chr6,119172662,140769716,2
chr6,140769716,140781735,5
chr6,140781735,165725505,2
chr6,165731532,167697216,2
chr6,167697216,167777910,4
chr6,167778823,171031016,2
chr7,29843,24038252,3
chr7,24038979,30044531,3
chr7,30044531,30199075,2
chr7,30199075,47947924,3
chr7,47947924,47964220,7
chr7,47964220,51595412,3
chr7,51603031,57938791,3
chr7,61058203,61078949,3
chr7,61660866,61845441,3
chr7,62451118,62948071,3
chr7,62955220,63074649,3
chr7,63079649,65094801,3
chr7,65118348,74423631,3
chr7,74463678,74597751,3
chr7,74775724,74852765,3
chr7,75022539,81804585,3
chr7,81804585,81808937,5
chr7,81808937,126046428,3
chr7,126049319,130158693,3
chr7,130268693,133783665,3
chr7,133783665,133802276,7
chr7,133802276,143309234,3
chr7,143309234,143402897,15
chr7,143415538,159128494,3
chr8,72629,125779,3
chr8,151012,594921,3
chr8,599434,7721227,3
chr8,7721227,7741227,9
chr8,7755263,7785263,11
chr8,7785263,7793474,12
chr8,7866880,7874612,12
chr8,7876899,8023399,10
chr8,8043399,8072168,3
chr8,8072168,8084514,8
chr8,8084514,11492404,3
chr8,11495966,12088995,3
chr8,12152658,12177658,3
chr8,12223642,12255900,12
chr8,12274593,12304395,3
chr8,12331488,25066854,3
chr8,25071167,32680262,3
chr8,32692511,38206531,3
chr8,38206531,38321980,4
chr8,38321980,39233407,3
chr8,39233407,39379739,7
chr8,39379739,43403452,3
chr8,46934439,46959041,3
chr8,47454041,86575363,3
chr8,86726451,86737385,3
chr8,86841882,106041203,3
chr8,106041203,106051176,7
chr8,106051176,116992460,3
chr8,116992460,119710442,4
chr8,119710442,120397104,5
chr8,120397104,128231154,4
chr8,128231154,128235278,44
chr8,128235278,128237479,15
chr8,128237479,137677191,4
chr8,137677191,137848286,3
chr8,137848286,141728183,4
chr8,141728183,142077922,5
chr8,142077922,144634910,4
chr8,144634910,145329913,3
chr8,145501700,146304078,3
chr9,10843,24507719,3
chr9,24507719,24518225,7
chr9,24518225,38907678,3
chr9,38915426,39164181,3
chr9,39164181,39184384,2
chr9,39356883,39361659,2
chr9,39377664,39561123,2
chr9,39579901,39584901,2
chr9,39731589,39890910,2
chr9,40024796,40034796,2
chr9,40099934,40104934,2
chr9,40140289,40165289,2
chr9,40180289,40185289,2
chr9,40288041,40925501,2
chr9,41015341,41093211,12
chr9,41223882,41305253,12
chr9,41517630,41522630,12
chr9,41701141,41724925,12
chr9,41724925,41823718,2
chr9,41833718,41900482,13
chr9,41917223,41988151,2
chr9,42146000,42214271,2
chr9,42224271,42378487,2
chr9,42491393,42493312,2
chr9,42503751,42506786,2
chr9,42536787,42564348,2
chr9,42871530,43181705,2
chr9,43313924,43316657,1
chr9,43381945,43548498,1
chr9,43588530,43593530,1
chr9,43598530,43651423,1
chr9,43652136,44245969,3
chr9,44390520,44421880,3
chr9,44431880,44441880,2
chr9,44726646,45041143,2
chr9,45102926,45169767,2
chr9,45352101,45781568,2
chr9,46035746,46040746,2
chr9,46049344,46206836,2
chr9,46271430,46459196,2
chr9,46749358,46878778,2
chr9,46878778,46959731,9
chr9,47160133,47219375,2
chr9,65467679,65639748,2
chr9,65761382,65784924,2
chr9,65877402,65882402,2
chr9,65976781,66016781,2
chr9,66020384,66114296,9
chr9,66242215,66345936,2
chr9,66454656,66460633,2
chr9,66460633,66766907,3
chr9,66962860,66966590,3
chr9,67024074,67029074,3
chr9,67034517,67076000,3
chr9,67207834,67366296,3
chr9,67529039,67534039,3
chr9,67665090,67711340,3
chr9,67762392,67920387,3
chr9,67931943,67985532,3
chr9,68137998,68509093,3
chr9,68668140,68838631,3
chr9,69007171,69582432,3
chr9,69626365,69945242,3
chr9,70116188,70186360,3
chr9,70483010,70735468,3
chr9,70851061,71739510,3
chr9,71741062,92531856,3
chr9,92676856,121292653,3
chr9,121292653,133072313,5
chr9,133222313,138214462,5
chr9,138217126,141112247,5
chr10,62715,17857711,2
chr10,17862711,18044675,2
chr10,18079675,18094675,2
chr10,18099675,18214675,5
chr10,18219675,20848488,2
chr10,20848488,20862334,5
chr10,20862334,38410409,2
chr10,38410409,38689644,5
chr10,38689644,38772341,3
chr10,38890539,39038232,3
chr10,39041289,39076503,3
chr10,42602109,46324300,3
chr10,46481964,46486964,3
chr10,46491964,46496964,3
chr10,46506964,46655617,3
chr10,46675617,46694416,3
chr10,46717815,46752536,3
chr10,46769974,46773819,3
chr10,46845039,46850019,3
chr10,46910463,47140917,3
chr10,47149455,47260068,2
chr10,47323674,47422551,2
chr10,47541184,47759903,2
chr10,47904867,47914867,2
chr10,47925966,47930966,2
chr10,47940966,47949526,2
chr10,47960906,48010403,2
chr10,48025365,48124820,2
chr10,48310804,48315804,2
chr10,48315804,49010904,3
chr10,49196945,51635544,3
chr10,51724659,51836338,3
chr10,51841338,51884824,9
chr10,51884824,59209994,3
chr10,59211610,69475959,3
chr10,69475959,69492422,5
chr10,69492422,86701254,3
chr10,86701254,86708083,7
chr10,86708083,86711294,3
chr10,86711294,86715755,10
chr10,86715755,93254382,3
chr10,93254382,93405848,4
chr10,93405848,109751521,3
chr10,109751521,109935993,1
chr10,109935993,128620635,3
chr10,128765635,135503712,3
chr11,157083,1815933,2
chr11,1815933,2175051,1
chr11,2175051,2901420,2
chr11,2901420,10997629,4
chr11,10997629,12002289,6
chr11,12002289,13217970,4
chr11,13222970,20423186,3
chr11,20423186,22028785,4
chr11,22028785,22418209,3
chr11,22418209,23246982,2
chr11,23246982,24156231,3
chr11,24156231,24547118,2
chr11,24547118,25294221,3
chr11,25294221,25626256,4
chr11,25631256,27568114,6
chr11,27568114,28539662,4
chr11,28539662,28618609,2
chr11,28618609,28962119,4
chr11,28962119,29623757,6
chr11,29623757,30164333,4
chr11,30164333,30307270,2
chr11,30307270,36343082,4
chr11,36343082,44991102,3
chr11,44991102,45166360,4
chr11,45166360,46281464,5
chr11,46281464,46941683,4
chr11,46941683,48666590,6
chr11,48900993,49839783,6
chr11,49839783,50305370,3
chr11,51376934,51552637,3
chr11,55027625,59622914,3
chr11,59622914,85468991,4
chr11,85468991,88253501,3
chr11,88253501,89571498,4
chr11,89597021,89657016,4
chr11,89690490,89694948,4
chr11,89746689,90569036,4
chr11,90570247,91726778,4
chr11,91726778,92740375,3
chr11,92740375,93751080,6
chr11,93751080,96292140,4
chr11,96437140,102205410,4
chr11,102205410,134949041,2
chr12,65839,8561878,3
chr12,8568416,8581371,3
chr12,8585033,9632683,3
chr12,9632686,9731892,7
chr12,9731986,11221143,3
chr12,11221143,11229478,1
chr12,11230168,11234566,1
chr12,11235995,11250754,1
chr12,11250754,19849669,3
chr12,19849669,20410925,4
chr12,20410925,34500433,3
chr12,37856694,37862274,3
chr12,37862274,37989886,4
chr12,38439886,54320318,4
chr12,54320318,54454754,3
chr12,54454754,56409812,4
chr12,56409812,71728949,3
chr12,71728949,71737800,7
chr12,71737800,109012693,3
chr12,109012693,109228584,4
chr12,109228584,133527305,3
chr12,133682662,133841615,3
chr13,19020002,19070464,2
chr13,19083803,19101010,5
chr13,19108305,25167107,2
chr13,25170638,32532651,2
chr13,32534181,32535598,2
chr13,32538570,51070579,2
chr13,51075579,55878640,2
chr13,55878640,57756758,3
chr13,57763553,57764292,3
chr13,57766389,57766889,3
chr13,57788704,64295924,3
chr13,64301510,66894249,3
chr13,66895341,66895930,3
chr13,66898123,66898837,3
chr13,66899936,67337005,3
chr13,67340896,69244813,3
chr13,69244813,69257846,8
chr13,69257846,74261317,3
chr13,74261317,74264835,5
chr13,74264835,86759356,3
chr13,86909356,91902681,3
chr13,91903285,92255004,3
chr13,92255004,92579447,2
chr13,92579447,93012447,3
chr13,93018637,112358581,3
chr13,112503581,115108157,3
chr14,19055798,19193496,2
chr14,19320546,19896464,2
chr14,19927018,20190601,2
chr14,20194548,86493588,3
chr14,86493588,86501929,5
chr14,86501929,106524047,3
chr14,106524047,106785439,6
chr14,106785439,107293124,3
chr15,20043907,20528672,3
chr15,20528718,20545323,7
chr15,20549357,20580214,3
chr15,20581643,20600430,7
chr15,20600430,21121668,3
chr15,21126668,21383778,3
chr15,21885008,22179687,3
chr15,22294541,22297005,3
chr15,22297005,22589897,6
chr15,22646193,23273189,3
chr15,23278506,23310978,10
chr15,23310978,25423147,3
chr15,25423147,25430316,5
chr15,25430316,30663443,3
chr15,30663443,30739275,8
chr15,30755479,32570014,3
chr15,32575014,32666075,8
chr15,32671075,32738143,3
chr15,32754420,32779002,8
chr15,32807002,38763020,3
chr15,38763020,38769880,5
chr15,38769880,40821538,3
chr15,41456454,82692988,4
chr15,82823547,82828547,4
chr15,82917374,83034206,4
chr15,83166543,96326412,4
chr15,96326412,96616168,3
chr15,96616168,102510300,4
chr15,102512772,102517772,4
chr16,60426,68081,3
chr16,77756,4132040,3
chr16,4132040,4140117,8
chr16,4140117,16617721,3
chr16,16624333,28626197,3
chr16,28627711,28654501,3
chr16,28654501,28783680,1
chr16,28813177,32193124,3
chr16,32197913,32493016,2
chr16,32603554,33126024,2
chr16,33241271,33637299,2
chr16,33644226,33968322,3
chr16,34173229,35153974,3
chr16,46457240,55796438,3
chr16,55796438,55815743,8
chr16,55815743,55825704,3
chr16,55841102,78424741,3
chr16,78424741,78888976,2
chr16,78888976,90292969,3
chr17,1,18337557,3
chr17,18340989,18387211,7
chr17,18387211,19014646,3
chr17,19044188,20611059,3
chr17,20614816,21974502,3
chr17,21979502,22154342,2
chr17,22154348,22228332,3
chr17,25268076,30846752,3
chr17,30846752,30925853,5
chr17,30925853,34490917,3
chr17,34499426,34591732,43
chr17,34752486,34764199,43
chr17,34795032,36249846,3
chr17,36284266,36350121,7
chr17,36350425,43388992,3
chr17,43502292,46603748,3
chr17,46603748,46725175,2
chr17,46725175,57943912,3
chr17,57943912,57968249,5
chr17,57968249,81163132,3
chr18,11169,15383596,3
chr18,18520339,38861825,3
chr18,38871825,52063709,3
chr18,52208709,64219986,3
chr18,64220948,78018950,3
chr19,62471,1199074,3
chr19,1199074,1203555,1
chr19,1205355,1207912,1
chr19,1210087,1213925,1
chr19,1214925,1219312,1
chr19,1219312,5228874,3
chr19,5228874,6612274,2
chr19,6612274,7228072,3
chr19,7228072,7514009,2
chr19,7514009,8407470,3
chr19,8407470,9902558,2
chr19,9902558,12607542,3
chr19,12608153,12907645,3
chr19,12907645,13261843,4
chr19,13261843,14028959,3
chr19,14028959,18195873,4
chr19,18195873,21798854,3
chr19,21798854,22053437,2
chr19,22053437,22090850,6
chr19,22117374,23941562,2
chr19,23941562,24378492,3
chr19,28233492,33444465,3
chr19,33444465,33878231,4
chr19,33878231,34210529,3
chr19,34210529,34884421,4
chr19,34884421,35023411,2
chr19,35023411,38616496,3
chr19,38616496,39357183,2
chr19,39357183,40373053,3
chr19,40373053,40394312,8
chr19,40394312,41437212,3
chr19,41437212,48614256,2
chr19,48614256,50542392,3
chr19,50542392,51528955,4
chr19,51528955,52034471,3
chr19,52034471,54558395,2
chr19,54560049,55129138,2
chr19,55137661,55227624,3
chr19,55227624,55281243,1
chr19,55283022,55366966,1
chr19,55372376,55517809,3
chr19,55517809,56029315,4
chr19,56029315,56876825,3
chr19,56876825,58796898,2
chr19,58796898,59103179,3
chr20,60001,1563459,2
chr20,1569118,1570126,1
chr20,1572363,1573915,1
chr20,1592293,14781434,2
chr20,14781434,14827627,4
chr20,14827627,26231885,2
chr20,26231885,26258753,3
chr20,29419647,29653908,3
chr20,29828908,29833908,3
chr20,29843908,62962837,4
chr21,9411973,9466989,2
chr21,9489005,9504005,2
chr21,9514005,9539005,2
chr21,9555452,9676667,2
chr21,9690713,9736077,2
chr21,9761898,9926607,2
chr21,9929817,9955891,2
chr21,9956313,10013819,2
chr21,10118127,10192940,2
chr21,10201932,10215975,5
chr21,10372616,10377616,5
chr21,10383006,10650979,2
chr21,10860732,11181667,2
chr21,14369463,14452203,2
chr21,14452203,14455544,1
chr21,14460544,14529115,1
chr21,14534748,14577739,2
chr21,14577758,15092781,3
chr21,15184122,21617853,3
chr21,21619270,48105087,3
chr22,16050000,16488635,2
chr22,16489911,16504911,2
chr22,16629053,16656311,2
chr22,16665261,16670261,2
chr22,16864184,18657081,2
chr22,18669119,18852915,2
chr22,18854603,18875132,7
chr22,18875132,20395639,2
chr22,20396142,20427107,1
chr22,20442107,20467107,1
chr22,20473205,20503548,2
chr22,20630265,21477873,2
chr22,21489307,21537480,7
chr22,21555011,21613746,2
chr22,21618746,21649830,2
chr22,21695820,21726238,2
chr22,21772109,24343586,2
chr22,24343586,24397837,76
chr22,24397837,32686554,2
chr22,32701554,33070700,2
chr22,33075700,36572443,2
chr22,36573121,36573621,2
chr22,36574227,37144444,2
chr22,37145695,51231477,2
chrX,2699520,3762385,2
chrX,3850145,4075067,2
chrX,4075067,20766856,3
chrX,20766856,20784287,10
chrX,20784287,21441735,3
chrX,21441735,21444561,7
chrX,21444561,21449770,5
chrX,21449770,24554604,3
chrX,24554604,24563068,7
chrX,24563068,26363504,3
chrX,26365643,29596819,3
chrX,29596819,29607022,7
chrX,29607022,32069870,3
chrX,32069870,32077877,7
chrX,32077877,35475209,3
chrX,35475209,35482359,8
chrX,35482359,37930118,3
chrX,37930118,37938486,15
chrX,37938486,38584404,3
chrX,38589404,40813488,3
chrX,40813488,40844676,7
chrX,40854676,44300092,3
chrX,44302776,44876236,3
chrX,44876236,44929798,6
chrX,44929798,49218379,3
chrX,49352341,51995562,3
chrX,51995562,52004675,7
chrX,52004675,52103259,3
chrX,52564504,52709501,3
chrX,52814879,58082761,3
chrX,62044948,70897049,3
chrX,71030014,72150000,3
chrX,72170486,75670433,3
chrX,75820433,87842233,3
chrX,87847233,92796662,3
chrX,92800589,95483449,3
chrX,95483449,95501458,5
chrX,95501458,96326524,3
chrX,96326524,96332382,8
chrX,96332382,96538511,3
chrX,96538511,96700351,4
chrX,96700351,98922937,3
chrX,98922937,98935108,5
chrX,98935108,99785173,3
chrX,99810173,101603799,2
chrX,101740939,103228668,2
chrX,103238668,104263433,2
chrX,104263433,104266953,6
chrX,104343207,104348428,5
chrX,104348428,108354214,2
chrX,108359214,116378951,2
chrX,116378951,116391258,5
chrX,116391258,117103274,2
chrX,117103274,117107142,6
chrX,117107142,117317471,2
chrX,117317471,117330752,6
chrX,117330752,118874398,2
chrX,118884398,119318145,2
chrX,119332013,120010235,2
chrX,120120871,131519545,2
chrX,131519545,131522697,5
chrX,131522697,140856804,2
chrX,140856804,140862579,6
chrX,140862579,140870605,7
chrX,140870605,142055334,2
chrX,142055334,142076287,7
chrX,142076287,142517740,2
chrX,142517740,142530619,4
chrX,142530619,150707743,2
chrX,150712743,151560649,2
chrX,151560649,151565336,7
chrX,151565336,154565794,2
chrX,154626376,154754505,2
chrX,154759505,154792514,6
chrX,154821667,154930289,2
