#BP1 Chr,BP1 Start,BP1 End,BP2 Chr,BP2 Start,BP2 End,Supp.,Size (bp)
chr2,3930448,3935237,chr12,124494444,124500974,100,
chr2,11948918,11954246,chr21,18143482,18149316,104,
chr3,73158440,73162742,chr17,41379324,41384937,80,
chr3,73158440,73162742,chr17,41397704,41403894,132,
chr3,75985574,75999286,chr20,26198677,26213907,271,
chr3,97545352,97548214,chr20,51820873,51826137,54,
chr3,111271573,111275045,chr8,128529232,128538779,138,
chr5,45603558,45620710,chr22,39709007,39715736,64,
chr7,81789161,81794473,chr10,60900343,60904922,66,
chr7,100936524,100940377,chr11,114417947,114425186,45,
chr7,111050826,111056166,chr12,108199590,108203183,55,
chr8,28431852,28436443,chr17,79758758,79762966,51,
chr9,12624450,12627475,chr22,29065133,29067995,11,
chr9,96381359,96386424,chr13,19645775,19650874,29,
chr9,101473886,101479887,chr22,32575696,32579748,67,
chr9,109772276,109777707,chr20,29873930,29878940,70,
chr9,121298728,121305690,chr11,11980608,12002075,178,
chr12,56987510,56991801,chr15,39995972,39999958,25,
chr13,55877158,55882393,chr19,12896441,12904258,72,
chr13,63618669,63624153,chr17,21666588,21670266,115,
