#Chromosome,Start,End,Copy Number,HapA CN,HapB CN
chr1,713786,108303940,3,2,1
chr1,108304878,108411794,4,2,2
chr1,108425757,108788834,4,2,2
chr1,108854020,108915568,4,2,2
chr1,109010261,109318332,4,2,2
chr1,109323243,109323270,4,3,1
chr1,109336044,109341772,4,2,2
chr1,109349613,111276138,4,2,2
chr1,111267302,113867689,4,2,2
chr1,113896030,113980544,4,2,2
chr1,113940343,113940343,4,2,2
chr1,113997501,114038552,4,2,2
chr1,114064340,114131519,4,2,2
chr1,114167255,114168963,4,2,2
chr1,114220738,114289706,4,2,2
chr1,114317261,114335440,4,2,2
chr1,114335440,114963076,4,2,2
chr1,114979553,115025423,4,2,2
chr1,115033839,115033839,4,2,2
chr1,115061128,115083958,4,2,2
chr1,115109271,115178316,4,2,2
chr1,115196166,115351387,4,2,2
chr1,115360366,115401931,4,2,2
chr1,115410297,115428854,4,3,1
chr1,115417795,115453392,4,2,2
chr1,115470852,115533442,4,2,2
chr1,115558804,116603473,4,2,2
chr1,116605507,116978863,4,2,2
chr1,116985978,118418964,4,2,2
chr1,118437568,118871068,4,2,2
chr1,118881689,118983033,4,2,2
chr1,118983467,120843963,5,3,2
chr1,143119750,144890833,5,3,2
chr1,144891582,145312220,4,3,1
chr1,145352463,145784466,4,2,2
chr1,145993328,146021102,4,3,1
chr1,146307951,146377653,4,2,2
chr1,146361791,146398935,4,3,1
chr1,146465583,147043894,4,2,2
chr1,147052655,147402221,4,2,2
chr1,147701157,147852535,4,3,1
chr1,148185059,148252164,4,3,1
chr1,148512829,148578654,4,3,1
chr1,148598496,148604768,4,2,2
chr1,148844003,148908758,4,3,1
chr1,149016416,149413324,4,2,2
chr1,149640957,149793034,4,3,1
chr1,149849108,149956342,4,2,2
chr1,149964091,151750649,4,2,2
chr1,151782090,151928493,4,2,2
chr1,151968739,152116238,4,2,2
chr1,152126467,154682082,4,2,2
chr1,154691575,157880000,4,2,2
chr1,157882273,157882273,4,2,2
chr1,157891842,158646833,4,2,2
chr1,158660447,158681501,4,2,2
chr1,158681501,160052974,4,2,2
chr1,160052974,161408556,4,2,2
chr1,161442205,162958833,4,2,2
chr1,162979229,162979229,4,2,2
chr1,162989412,163644479,4,2,2
chr1,163687414,163715268,4,3,1
chr1,163738688,163874694,4,2,2
chr1,163920113,163920113,4,2,2
chr1,163948473,164267474,4,2,2
chr1,164283080,164792863,4,2,2
chr1,164821801,166744780,4,2,2
chr1,166757678,168432175,4,2,2
chr1,168451983,169222955,4,2,2
chr1,169246177,169338520,4,2,2
chr1,169343511,170250708,4,2,2
chr1,170273200,170815032,4,2,2
chr1,170851618,170852366,4,3,1
chr1,170851618,170854620,4,3,1
chr1,170883435,170902205,4,2,2
chr1,170913717,173145170,4,2,2
chr1,173207836,176107467,4,2,2
chr1,176123167,176756598,4,2,2
chr1,176584745,176584745,4,3,1
chr1,176809042,177002259,4,2,2
chr1,177087844,177987977,4,2,2
chr1,177985098,178845243,4,2,2
chr1,178854162,179633774,4,2,2
chr1,179163337,179163337,4,2,2
chr1,179656481,180350556,4,2,2
chr1,180360900,181802819,4,2,2
chr1,181822720,181895558,4,2,2
chr1,181917442,182035365,4,2,2
chr1,182035365,183122718,4,2,2
chr1,183130368,183130368,4,2,2
chr1,183130623,183202936,4,2,2
chr1,183202936,184017808,4,2,2
chr1,184008271,184544157,4,2,2
chr1,184550783,184757152,4,2,2
chr1,184757152,184785036,4,2,2
chr1,184785036,185350344,4,2,2
chr1,184952004,184952004,4,2,2
chr1,185375955,186070296,4,2,2
chr1,186091749,186107981,4,2,2
chr1,186145870,186393364,4,2,2
chr1,186430904,186643058,4,2,2
chr1,186662796,186754358,4,2,2
chr1,186771294,187205410,4,2,2
chr1,187209952,187813231,4,2,2
chr1,187825001,187900568,4,2,2
chr1,187902122,188047686,4,2,2
chr1,188047630,188068394,4,3,1
chr1,188072357,188177541,4,2,2
chr1,188180303,188370374,4,2,2
chr1,188389534,188570856,4,2,2
chr1,188578411,188605493,4,2,2
chr1,188588039,188588039,4,2,2
chr1,188618896,188628445,4,2,2
chr1,188638032,188711106,4,2,2
chr1,188737457,188760425,4,3,1
chr1,188776575,188818711,4,2,2
chr1,188819969,188903190,4,2,2
chr1,188953952,188953952,4,2,2
chr1,188971221,188971221,4,2,2
chr1,188980823,188980823,4,2,2
chr1,188993774,189084645,4,2,2
chr1,189096720,189108056,4,2,2
chr1,189176930,189204727,4,2,2
chr1,189227322,189248319,4,3,1
chr1,189258467,189280220,4,2,2
chr1,189264749,189328470,4,2,2
chr1,189331771,189421844,4,2,2
chr1,189425770,189456405,4,2,2
chr1,189463679,189486950,4,2,2
chr1,189515027,189629368,4,2,2
chr1,189655460,189689386,4,3,1
chr1,189681868,189689386,4,3,1
chr1,189695073,190263214,4,2,2
chr1,190267869,190416675,4,2,2
chr1,190443316,190520505,4,2,2
chr1,190531642,190622928,4,2,2
chr1,190624957,190671884,4,2,2
chr1,190672185,190776264,4,2,2
chr1,190774495,190935826,4,2,2
chr1,190940399,190950314,4,2,2
chr1,190962734,190982974,4,2,2
chr1,191004544,191036146,4,2,2
chr1,191076906,191104897,4,2,2
chr1,191113703,191197253,4,2,2
chr1,191218167,191379970,4,2,2
chr1,191397212,191432085,4,2,2
chr1,191434467,191615014,4,2,2
chr1,191620497,191725993,4,2,2
chr1,191736220,191874260,4,2,2
chr1,191882229,191932822,4,2,2
chr1,191949647,191953675,4,2,2
chr1,191990751,192030180,4,2,2
chr1,192050941,192296038,4,2,2
chr1,192302714,192336724,4,2,2
chr1,192350506,192379292,4,2,2
chr1,192395484,192575015,4,2,2
chr1,192598088,192639556,4,2,2
chr1,192700219,192721205,4,2,2
chr1,192741064,192759529,4,3,1
chr1,192759529,193224114,4,2,2
chr1,193235411,193453833,4,2,2
chr1,193460485,193701950,4,2,2
chr1,193746114,194277960,4,2,2
chr1,193854798,193854798,4,2,2
chr1,193864198,193864198,4,3,1
chr1,194300586,194423947,4,2,2
chr1,194461319,194549026,4,2,2
chr1,194567036,194642881,4,2,2
chr1,194651080,194684856,4,2,2
chr1,194706211,194810985,4,2,2
chr1,194817093,194997913,4,2,2
chr1,195000307,195045675,4,2,2
chr1,195082398,195170004,4,2,2
chr1,195172324,195187121,4,2,2
chr1,195191693,195267072,4,2,2
chr1,195279463,195365129,4,2,2
chr1,195372591,195477551,4,2,2
chr1,195502654,195773787,4,2,2
chr1,195791728,195894009,4,2,2
chr1,195899081,196017926,4,2,2
chr1,196040453,196200065,4,2,2
chr1,196209945,196351085,4,2,2
chr1,196365866,196399232,4,2,2
chr1,196405770,196521267,4,2,2
chr1,196524703,196630593,4,2,2
chr1,196635106,196642969,4,2,2
chr1,196674270,196700944,4,2,2
chr1,196709223,197508901,4,2,2
chr1,197523791,197568973,4,2,2
chr1,197568973,197624722,4,2,2
chr1,197633140,198710214,4,2,2
chr1,198710538,198865606,4,2,2
chr1,198859904,198864766,4,2,2
chr1,198885731,198915795,4,2,2
chr1,198925741,199011940,4,2,2
chr1,199016030,199454964,4,2,2
chr1,199463087,199638637,4,2,2
chr1,199638637,199653252,4,2,2
chr1,199675407,200105746,4,2,2
chr1,200101136,200555074,4,2,2
chr1,200558286,200666158,4,2,2
chr1,200707010,200739751,4,2,2
chr1,200773057,200791954,4,2,2
chr1,200785865,204497492,4,2,2
chr1,204509934,204557116,4,2,2
chr1,204547697,204596579,4,2,2
chr1,204633526,204819362,4,2,2
chr1,204819362,205573493,4,2,2
chr1,205573493,205875750,4,2,2
chr1,206074089,206129212,4,2,2
chr1,206119919,206284960,4,2,2
chr1,206486508,207095551,4,2,2
chr1,207097550,207496896,4,2,2
chr1,207501527,207571482,4,2,2
chr1,207580743,207589123,4,3,1
chr1,207610336,207698607,4,2,2
chr1,207745849,211187783,4,2,2
chr1,207842900,207842900,4,3,1
chr1,211213706,213638762,4,2,2
chr1,213664461,214180721,4,2,2
chr1,214192133,214313064,4,2,2
chr1,214355047,214356894,4,2,2
chr1,214368682,214597609,4,2,2
chr1,214631399,214736844,4,2,2
chr1,214742297,236162592,3,2,1
chr1,236163904,238632740,4,2,2
chr1,238637625,238795010,4,2,2
chr1,238811326,239595319,4,2,2
chr1,239607536,240765207,4,2,2
chr1,240773666,241044579,4,2,2
chr1,241062809,241080337,4,3,1
chr1,241080337,242883052,4,2,2
chr1,242889492,243406793,4,2,2
chr1,243387788,243896618,4,2,2
chr1,243901970,244004392,4,2,2
chr1,244023667,244686334,4,2,2
chr1,244708051,245073308,4,2,2
chr1,245073308,245197085,4,2,2
chr1,245201726,245956440,4,2,2
chr1,245964511,246273465,4,2,2
chr1,246260828,246802868,4,2,2
chr1,246814137,247126156,4,2,2
chr1,247127858,248210645,4,2,2
chr1,248212641,248673560,4,2,2
chr1,248705336,248861986,4,2,2
chr1,249063387,249194905,4,2,2
chr2,50814,40362943,3,2,1
chr2,41569801,41569801,2,1,1
chr2,41606689,41606733,2,1,1
chr2,41777247,41780718,2,1,1
chr2,41924638,90480308,3,2,1
chr2,96802010,106686419,3,2,1
chr3,86135,7070998,3,2,1
chr3,9836040,9849889,4,2,2
chr3,9888043,9991429,4,2,2
chr3,9995288,60025064,3,2,1
chr3,60027968,60199948,2,1,1
chr3,60201714,60244821,2,1,1
chr3,61126821,61133547,2,1,1
chr3,61130827,61154619,2,1,1
chr3,61165165,61277745,2,1,1
chr3,61281290,61332635,2,1,1
chr3,61380951,61488906,2,1,1
chr3,61490470,61696743,2,1,1
chr3,61735596,61735596,2,1,1
chr3,61772727,61796161,2,1,1
chr3,61816920,61901792,2,1,1
chr3,61907403,62382408,2,1,1
chr3,62394264,62606520,2,1,1
chr3,62614116,63384954,2,1,1
chr3,63380099,63524880,2,1,1
chr3,63532822,63570026,2,1,1
chr3,63577923,63802685,2,1,1
chr3,63829585,63841138,2,1,1
chr3,63862842,63874734,2,1,1
chr3,63879498,64581733,2,1,1
chr3,64584647,64807231,2,1,1
chr3,64812120,64862058,2,1,1
chr3,64866493,64993562,2,1,1
chr3,65003393,65353397,2,1,1
chr3,65370455,65530833,2,1,1
chr3,66026666,66124483,2,1,1
chr3,66273531,66666474,2,1,1
chr3,66671401,66754754,2,1,1
chr3,66765633,67001370,2,1,1
chr3,67006238,67069092,2,1,1
chr3,67077380,67782026,2,1,1
chr3,67816222,67847299,2,1,1
chr3,67847288,67888178,2,1,1
chr3,67928795,68023529,2,1,1
chr3,68030123,68152368,2,1,1
chr3,68177506,68233947,2,1,1
chr3,68238982,68655045,2,1,1
chr3,68664628,68723777,2,1,1
chr3,68721200,68926833,2,1,1
chr3,68932753,69127133,2,1,1
chr3,69131592,69438214,2,1,1
chr3,69469863,69478072,2,1,1
chr3,69480383,69686190,2,1,1
chr3,69692934,69941473,2,1,1
chr3,69958270,70175431,2,1,1
chr3,70180737,70324215,2,1,1
chr3,70311045,70313036,2,1,1
chr3,70346720,70361457,2,1,1
chr3,70417610,70450197,2,1,1
chr3,70475982,70509857,2,1,1
chr3,70512734,70772310,2,1,1
chr3,70827976,70865063,2,1,1
chr3,70883160,71705541,2,1,1
chr3,71735599,71779488,2,1,1
chr3,71794407,71811875,2,1,1
chr3,71801992,73532621,2,1,1
chr3,73534976,73647994,2,1,1
chr3,73698239,73763067,2,1,1
chr3,73769613,74011648,2,1,1
chr3,74061476,74140631,2,1,1
chr3,74172532,74200111,2,1,1
chr3,74201236,74246106,2,1,1
chr3,74274646,74421609,2,1,1
chr3,74432399,74532371,2,1,1
chr3,74544340,74617285,2,1,1
chr3,74623145,74671658,2,1,1
chr3,74721281,74913249,2,1,1
chr3,74978829,74997650,2,1,1
chr3,75036516,75096444,2,1,1
chr3,75139329,75164859,2,1,1
chr3,75191791,75299037,2,1,1
chr3,75299573,75636975,2,1,1
chr3,75657142,75979004,2,1,1
chr3,76007777,76090829,2,1,1
chr3,76104023,76199553,2,1,1
chr3,76236602,76615085,2,1,1
chr3,76623903,76704299,2,1,1
chr3,76713778,76860989,2,1,1
chr3,76922746,76954781,2,1,1
chr3,76954781,76963687,2,1,1
chr3,76988621,77086844,2,1,1
chr3,77102870,77114628,2,1,1
chr3,77153454,77188041,2,1,1
chr3,77191132,77222624,2,1,1
chr3,77230552,77317151,2,1,1
chr3,77319438,77345310,2,1,1
chr3,77339255,77343510,2,1,1
chr3,77340136,77342834,2,1,1
chr3,77388501,77462392,2,1,1
chr3,77465851,77484405,2,1,1
chr3,77514073,77514382,2,1,1
chr3,77535992,77553337,2,1,1
chr3,77649854,77678576,2,1,1
chr3,77682800,77881126,2,1,1
chr3,77902767,78027677,2,1,1
chr3,78042124,78062975,2,1,1
chr3,78068642,78114350,2,1,1
chr3,78114692,78161505,2,1,1
chr3,78189862,78228753,2,1,1
chr3,78252032,78287935,2,1,1
chr3,78314256,78362662,2,1,1
chr3,78370400,78520071,2,1,1
chr3,78533096,78688811,2,1,1
chr3,78731302,78901127,2,1,1
chr3,78938757,78938757,2,1,1
chr3,78974308,78984647,2,1,1
chr3,79172421,79172421,2,1,1
chr3,79231722,79246395,2,1,1
chr3,79246395,79272316,2,1,1
chr3,79305026,79323581,2,1,1
chr3,79341318,79438811,2,1,1
chr3,79449839,79629484,2,1,1
chr3,79715860,79732335,2,1,1
chr3,79791753,79856762,2,1,1
chr3,79898667,79935760,2,1,1
chr3,79955568,79985137,2,1,1
chr3,80068722,80108596,2,1,1
chr3,80069188,80069188,2,1,1
chr3,80157370,80157502,2,1,1
chr3,80166311,80183340,2,1,1
chr3,80380216,80409463,2,1,1
chr3,80547726,80553503,2,1,1
chr3,80832435,80861198,2,1,1
chr3,80873965,80902604,2,1,1
chr3,80926791,80946599,2,1,1
chr3,80926791,80948443,2,1,1
chr3,80977085,81017372,2,1,1
chr3,81140486,81152616,2,1,1
chr3,81224928,81249978,2,1,1
chr3,81277605,81289983,2,1,1
chr3,81313093,81322430,2,1,1
chr3,81350922,81407565,2,1,1
chr3,81427891,81468913,2,1,1
chr3,81431228,81431228,2,1,1
chr3,81478054,81630214,2,1,1
chr3,81666493,81800668,2,1,1
chr3,81811457,81848429,2,1,1
chr3,81850742,82061312,2,1,1
chr3,82073079,82102309,2,1,1
chr3,82127546,82243448,2,1,1
chr3,82255498,82296558,2,1,1
chr3,82315953,82351868,2,1,1
chr3,82365048,82595093,2,1,1
chr3,82616970,82806229,2,1,1
chr3,82850096,82946944,2,1,1
chr3,82996283,83022018,2,1,1
chr3,83049086,83089596,2,1,1
chr3,83113481,83145938,2,1,1
chr3,83151822,83198253,2,1,1
chr3,83232479,83256069,2,1,1
chr3,83277946,83303345,2,1,1
chr3,83302379,83371082,2,1,1
chr3,83381857,83622478,2,1,1
chr3,83634452,83663733,2,1,1
chr3,83668614,83723980,2,1,1
chr3,83741136,83787043,2,1,1
chr3,83800798,83811694,2,1,1
chr3,83811822,83886387,2,1,1
chr3,83905418,83949124,2,1,1
chr3,83938324,83995214,2,1,1
chr3,84021256,84203218,2,1,1
chr3,84229016,84323228,2,1,1
chr3,84346409,84438776,2,1,1
chr3,84482783,84559581,2,1,1
chr3,84566845,84714395,2,1,1
chr3,84729259,84825573,2,1,1
chr3,84829669,84949255,2,1,1
chr3,84953926,85069482,2,1,1
chr3,85090935,85122624,2,1,1
chr3,85124697,85135013,2,1,1
chr3,85243797,85243797,2,1,1
chr3,85261977,85262812,2,1,1
chr3,85310500,85310500,2,1,1
chr3,85329836,85329836,2,1,1
chr3,85350907,85362180,2,1,1
chr3,85371248,85392882,2,1,1
chr3,85407295,85433847,2,1,1
chr3,85491350,85491350,2,1,1
chr3,85540064,85589533,2,1,1
chr3,85613435,85613435,2,1,1
chr3,85715821,85744109,2,1,1
chr3,85759558,85759558,2,1,1
chr3,85792802,85807941,2,1,1
chr3,85833700,85851016,2,1,1
chr3,85905034,85905034,2,1,1
chr3,85915897,85955208,2,1,1
chr3,85958126,85989000,2,1,1
chr3,86069007,86109474,2,1,1
chr3,86140222,86165843,2,1,1
chr3,86171829,86306259,2,1,1
chr3,86331988,86394337,2,1,1
chr3,86401305,86475471,2,1,1
chr3,86515038,86566659,2,1,1
chr3,86638748,86739898,2,1,1
chr3,86778385,86778385,2,1,1
chr3,86838211,86844617,2,1,1
chr3,86973266,87000386,2,1,1
chr3,87006367,87019033,2,1,1
chr3,87059379,87059391,2,1,1
chr3,87059379,87070469,2,1,1
chr3,87079981,87121228,2,1,1
chr3,87150601,87166107,2,1,1
chr3,87202482,87210562,2,1,1
chr3,87241497,87361633,2,1,1
chr3,87369511,87406369,2,1,1
chr3,87410488,87597589,2,1,1
chr3,87597589,87627107,2,1,1
chr3,87627107,87680670,2,1,1
chr3,87704963,87720154,2,1,1
chr3,87775050,87798942,2,1,1
chr3,87812006,87812006,2,1,1
chr3,87832351,87898546,2,1,1
chr3,93901235,94496198,3,2,1
chr4,280770,409260,2,1,1
chr4,418834,541613,2,1,1
chr4,549346,549421,2,1,1
chr4,566177,1373252,2,1,1
chr4,1508261,1512210,2,1,1
chr4,1522108,1910823,2,1,1
chr4,1922942,2161429,2,1,1
chr4,2181608,2193773,2,1,1
chr4,2210065,2575603,2,1,1
chr4,2581541,2608141,2,1,1
chr4,2596688,3067384,2,1,1
chr4,3086129,3346185,2,1,1
chr4,3380088,3440520,2,1,1
chr4,3440520,3803207,2,1,1
chr4,3826693,5665976,2,1,1
chr4,5676250,5687826,2,1,1
chr4,5710922,6120811,2,1,1
chr4,6133953,6702884,2,1,1
chr4,6709687,7861875,2,1,1
chr4,7867243,8753090,2,1,1
chr4,8823699,9029350,2,1,1
chr4,9054462,9146720,2,1,1
chr4,9370646,9456977,2,1,1
chr4,9460501,9975873,2,1,1
chr4,9982854,10143400,2,1,1
chr4,10184967,10259396,2,1,1
chr4,10270678,10698265,2,1,1
chr4,10723722,10756550,2,1,1
chr4,10750586,10780625,2,1,1
chr4,10780618,10799036,2,1,1
chr4,10818468,11004815,2,1,1
chr4,11009700,11220673,2,1,1
chr4,11267677,11594711,2,1,1
chr4,11596435,11749794,2,1,1
chr4,11782440,11967046,2,1,1
chr4,11982994,12034588,2,1,1
chr4,12043453,12169947,2,1,1
chr4,12174662,12285327,2,1,1
chr4,12288344,12363690,2,1,1
chr4,12385139,12427589,2,1,1
chr4,12441733,12468450,2,1,1
chr4,12481078,12538050,2,1,1
chr4,12573890,12657302,2,1,1
chr4,12669362,12698657,2,1,1
chr4,12707180,12768243,2,1,1
chr4,12780778,12843139,2,1,1
chr4,12853765,12985909,2,1,1
chr4,13002576,13282053,2,1,1
chr4,13292301,13334896,2,1,1
chr4,13362772,13426432,2,1,1
chr4,13439808,13456405,2,1,1
chr4,13459953,13473697,2,1,1
chr4,13488915,13774445,2,1,1
chr4,13777982,14136227,2,1,1
chr4,14146800,14822993,2,1,1
chr4,14828580,14922643,2,1,1
chr4,14931459,14955398,2,1,1
chr4,14956655,14990124,2,1,1
chr4,15036227,15037434,2,1,1
chr4,15057089,15076303,2,1,1
chr4,15096610,15096610,2,1,1
chr4,15121280,15143442,2,1,1
chr4,15172074,15175360,2,1,1
chr4,15208668,15538922,2,1,1
chr4,15540490,15654509,2,1,1
chr4,15664453,16632213,2,1,1
chr4,16651021,16751692,2,1,1
chr4,16785921,16785921,2,1,1
chr4,16807106,16852232,2,1,1
chr4,16861512,16996503,2,1,1
chr4,17001371,17001371,2,1,1
chr4,17008534,17240787,2,1,1
chr4,17254450,17716710,2,1,1
chr4,17725082,17867038,2,1,1
chr4,17885296,17948939,2,1,1
chr4,17966081,18129723,2,1,1
chr4,18141757,18378914,2,1,1
chr4,18391312,18612509,2,1,1
chr4,18641320,18771726,2,1,1
chr4,18780341,18851858,2,1,1
chr4,19041829,19101805,2,1,1
chr4,19117070,19238990,2,1,1
chr4,19231867,19238782,2,1,1
chr4,19257387,19265306,2,1,1
chr4,19299742,19476992,2,1,1
chr4,19496396,19661726,2,1,1
chr4,19662737,19762462,2,1,1
chr4,19780864,19807058,2,1,1
chr4,19810968,20107739,2,1,1
chr4,20116854,20228742,2,1,1
chr4,20270932,20386044,2,1,1
chr4,20397134,20432425,2,1,1
chr4,20450095,20482058,2,1,1
chr4,20491235,20518603,2,1,1
chr4,20539329,20579653,2,1,1
chr4,20590287,20606656,2,1,1
chr4,20626654,20774769,2,1,1
chr4,20791198,20900766,2,1,1
chr4,20904528,21383780,2,1,1
chr4,21433933,21614591,2,1,1
chr4,21565222,21565222,2,1,1
chr4,21644027,21675853,2,1,1
chr4,21687551,21769481,2,1,1
chr4,21771058,21886574,2,1,1
chr4,21896186,21971190,2,1,1
chr4,21986062,22123962,2,1,1
chr4,22148824,22149505,2,1,1
chr4,22218719,22659780,2,1,1
chr4,22666818,22676519,2,1,1
chr4,22676519,22695738,2,1,1
chr4,22708407,22757873,2,1,1
chr4,22744714,22744714,2,1,1
chr4,22757873,22780840,2,1,1
chr4,22807325,22807325,2,1,1
chr4,22832682,22893863,2,1,1
chr4,22915626,23259285,2,1,1
chr4,23269970,23392461,2,1,1
chr4,23397881,23429417,2,1,1
chr4,23461583,23593530,2,1,1
chr4,23606506,23612459,2,1,1
chr4,23639715,23649226,2,1,1
chr4,23677859,24316054,2,1,1
chr4,24322666,24322666,2,1,1
chr4,24341979,24347957,2,1,1
chr4,24357837,24439876,2,1,1
chr4,24477149,24715402,2,1,1
chr4,24694072,24719104,2,1,1
chr4,24721636,24789434,2,1,1
chr4,24790680,24852839,2,1,1
chr4,24852839,25124915,2,1,1
chr4,25128560,25944693,2,1,1
chr4,25961555,26205707,2,1,1
chr4,26227138,26405759,2,1,1
chr4,26408727,26531523,2,1,1
chr4,26544688,26877271,2,1,1
chr4,26892972,26945527,2,1,1
chr4,26960044,27054904,2,1,1
chr4,27051754,27117486,2,1,1
chr4,27171745,27522651,2,1,1
chr4,27552519,27648266,2,1,1
chr4,27637428,27714831,2,1,1
chr4,27724996,27814738,2,1,1
chr4,27821813,27848071,2,1,1
chr4,27857008,27892586,2,1,1
chr4,27896820,27917029,2,1,1
chr4,27949761,28122986,2,1,1
chr4,28126813,28159046,2,1,1
chr4,28178131,28213145,2,1,1
chr4,28216064,28252751,2,1,1
chr4,28289863,28343439,2,1,1
chr4,28352417,28512369,2,1,1
chr4,28551939,28608880,2,1,1
chr4,28618371,28643433,2,1,1
chr4,28644987,28712190,2,1,1
chr4,28743877,28823233,2,1,1
chr4,28827873,28901294,2,1,1
chr4,28895925,28967598,2,1,1
chr4,29006737,29067992,2,1,1
chr4,29093753,29129922,2,1,1
chr4,29162504,29188193,2,1,1
chr4,29210589,29342514,2,1,1
chr4,29377235,29484551,2,1,1
chr4,29489089,29527955,2,1,1
chr4,29562766,29612207,2,1,1
chr4,29631535,29648602,2,1,1
chr4,29673009,29763937,2,1,1
chr4,29773100,29925945,2,1,1
chr4,29960324,29990228,2,1,1
chr4,29995148,30045819,2,1,1
chr4,30064473,30152967,2,1,1
chr4,30157716,30177043,2,1,1
chr4,30191402,30198753,2,1,1
chr4,30197744,30243170,2,1,1
chr4,30249814,30415801,2,1,1
chr4,30420249,30455191,2,1,1
chr4,30461539,30572878,2,1,1
chr4,30575343,30707999,2,1,1
chr4,30713435,30924444,2,1,1
chr4,30927412,30977047,2,1,1
chr4,31009969,31086538,2,1,1
chr4,31090495,31164079,2,1,1
chr4,31174229,31202066,2,1,1
chr4,31208611,31256986,2,1,1
chr4,31284509,31405088,2,1,1
chr4,31426900,31468133,2,1,1
chr4,31479794,31510999,2,1,1
chr4,31513639,31572804,2,1,1
chr4,31582922,31695240,2,1,1
chr4,31713482,31754962,2,1,1
chr4,31880333,31933304,2,1,1
chr4,31939594,32088999,2,1,1
chr4,32098462,32098773,2,1,1
chr4,32111084,32196630,2,1,1
chr4,32200982,32255578,2,1,1
chr4,32265151,32357154,2,1,1
chr4,32423576,32423576,2,1,1
chr4,32432618,32479894,2,1,1
chr4,32484636,32513602,2,1,1
chr4,32546826,32582241,2,1,1
chr4,32586753,32749519,2,1,1
chr4,32754179,32788286,2,1,1
chr4,32868852,32943561,2,1,1
chr4,32978905,33059183,2,1,1
chr4,33091230,33130083,2,1,1
chr4,33147264,33183572,2,1,1
chr4,33188395,33226044,2,1,1
chr4,33247495,33247495,2,1,1
chr4,33254078,33281803,2,1,1
chr4,33314925,33425768,2,1,1
chr4,33442611,33480632,2,1,1
chr4,33502875,33502875,2,1,1
chr4,33531585,33535240,2,1,1
chr4,33640864,33671090,2,1,1
chr4,33694666,33750171,2,1,1
chr4,33789961,33824262,2,1,1
chr4,33827835,33902768,2,1,1
chr4,33932477,33958471,2,1,1
chr4,33962522,34016025,2,1,1
chr4,34013201,34165691,2,1,1
chr4,34186189,34219919,2,1,1
chr4,34224834,34282237,2,1,1
chr4,34301575,34389217,2,1,1
chr4,34433477,34572885,2,1,1
chr4,34600901,34608806,2,1,1
chr4,34618582,34631132,2,1,1
chr4,34658907,34659208,2,1,1
chr4,34683155,34729749,2,1,1
chr4,34707669,34707669,2,1,1
chr4,34845230,34876854,2,1,1
chr4,34909359,34993530,2,1,1
chr4,35014143,35051441,2,1,1
chr4,35065953,35097726,2,1,1
chr4,35104304,35179410,2,1,1
chr4,35242075,35341794,2,1,1
chr4,35343486,35391863,2,1,1
chr4,35398739,35694025,2,1,1
chr4,35701827,35802136,2,1,1
chr4,35805678,36070313,2,1,1
chr4,36081819,36246814,2,1,1
chr4,36276399,36276399,2,1,1
chr4,36299750,36380415,2,1,1
chr4,36385752,36505585,2,1,1
chr4,36510423,36555296,2,1,1
chr4,36578946,36596391,2,1,1
chr4,36648154,36799263,2,1,1
chr4,36821187,37003448,2,1,1
chr4,37025011,37034349,2,1,1
chr4,37035477,37069186,2,1,1
chr4,37071719,37270354,2,1,1
chr4,37285195,38744056,2,1,1
chr4,38765046,38829163,2,1,1
chr4,38845198,38987709,2,1,1
chr4,39000569,39037934,2,1,1
chr4,39054592,39054592,2,1,1
chr4,39083273,39094298,2,1,1
chr4,39096786,39102010,2,1,1
chr4,39114122,39180489,2,1,1
chr4,39220166,39272458,2,1,1
chr4,39282962,39307737,2,1,1
chr4,39332297,39332297,2,1,1
chr4,39373425,39627298,2,1,1
chr4,39627298,39791887,2,1,1
chr4,39817630,39842987,2,1,1
chr4,39862345,39894149,2,1,1
chr4,39900963,39927410,2,1,1
chr4,39944743,40076134,2,1,1
chr4,40100923,40106154,2,1,1
chr4,40129281,40129281,2,1,1
chr4,40159940,40250380,2,1,1
chr4,40299466,40451693,2,1,1
chr4,40471812,40826555,2,1,1
chr4,40839813,41155960,2,1,1
chr4,41185759,41431063,2,1,1
chr4,41459516,41854092,2,1,1
chr4,41855573,42505158,2,1,1
chr4,42516520,42737579,2,1,1
chr4,42771518,43036817,2,1,1
chr4,43060167,43166477,2,1,1
chr4,43195313,43230840,2,1,1
chr4,43268687,43383303,2,1,1
chr4,43393207,43442648,2,1,1
chr4,43466908,43591262,2,1,1
chr4,43624281,43700894,2,1,1
chr4,43774830,43810538,2,1,1
chr4,43866468,43882535,2,1,1
chr4,43872501,43892768,2,1,1
chr4,43929592,43982655,2,1,1
chr4,43983180,44168138,2,1,1
chr4,44173205,44283149,2,1,1
chr4,44348032,44429346,2,1,1
chr4,44446408,44613509,2,1,1
chr4,44615265,44678737,2,1,1
chr4,44683541,44799926,2,1,1
chr4,44827368,44861411,2,1,1
chr4,44863906,44900244,2,1,1
chr4,44927965,44952304,2,1,1
chr4,44960850,45015907,2,1,1
chr4,45062515,45080874,2,1,1
chr4,45112686,45163333,2,1,1
chr4,45145014,45145028,2,1,1
chr4,45182096,45202080,2,1,1
chr4,45236605,45246966,2,1,1
chr4,45284438,45327569,2,1,1
chr4,45362127,45656756,2,1,1
chr4,45682248,45710796,2,1,1
chr4,45694728,45717718,2,1,1
chr4,45751124,45847158,2,1,1
chr4,45884961,45913204,2,1,1
chr4,45938668,46036384,2,1,1
chr4,46122857,46228967,2,1,1
chr4,46257458,46308303,2,1,1
chr4,46314593,46448465,2,1,1
chr4,46464714,46500837,2,1,1
chr4,46506974,46578024,2,1,1
chr4,46570814,46738510,2,1,1
chr4,46851007,46851225,2,1,1
chr4,46878938,46896505,2,1,1
chr4,46955190,46969085,2,1,1
chr4,46995050,46996500,2,1,1
chr4,47021646,47028514,2,1,1
chr4,47057759,47059100,2,1,1
chr4,47132342,47171227,2,1,1
chr4,47231533,47254901,2,1,1
chr4,47332347,47450940,2,1,1
chr4,47463698,47820084,2,1,1
chr4,47817937,47964586,2,1,1
chr4,47988659,48199828,2,1,1
chr4,52700638,53064083,2,1,1
chr4,53074517,53181153,2,1,1
chr4,53185950,53201986,2,1,1
chr4,53208397,53290207,2,1,1
chr4,53289829,53355636,2,1,1
chr4,53358972,53451108,2,1,1
chr4,53457420,54035834,2,1,1
chr4,54040715,54267966,2,1,1
chr4,54272721,54341425,2,1,1
chr4,54356148,54941062,2,1,1
chr4,54938243,55179567,2,1,1
chr4,55202071,55621168,2,1,1
chr4,55624985,55625621,2,1,1
chr4,55632568,55917170,2,1,1
chr4,55929463,56082353,2,1,1
chr4,56107678,56264941,2,1,1
chr4,56274307,56577551,2,1,1
chr4,56581678,56657965,2,1,1
chr4,56657965,56725045,2,1,1
chr4,56723032,56756531,2,1,1
chr4,56763170,56808633,2,1,1
chr4,56814115,56850398,2,1,1
chr4,56834962,56834962,2,1,1
chr4,56886162,56911507,2,1,1
chr4,56941766,56996407,2,1,1
chr4,57008387,57318822,2,1,1
chr4,57344337,57363394,2,1,1
chr4,57390264,57739964,2,1,1
chr4,57751875,58088678,2,1,1
chr4,58084199,58186751,2,1,1
chr4,58191319,58806651,2,1,1
chr4,58815412,58815412,2,1,1
chr4,58821863,59111592,2,1,1
chr4,59139569,59173028,2,1,1
chr4,59182839,59275372,2,1,1
chr4,59305132,59338580,2,1,1
chr4,59366701,59372800,2,1,1
chr4,59372143,59436245,2,1,1
chr4,59447686,59523194,2,1,1
chr4,59573138,59609984,2,1,1
chr4,59647465,59684701,2,1,1
chr4,59791863,59891754,2,1,1
chr4,59894400,59959868,2,1,1
chr4,59973643,60097179,2,1,1
chr4,60158023,60203173,2,1,1
chr4,60204652,60264575,2,1,1
chr4,60264575,60336171,2,1,1
chr4,60338724,60363875,2,1,1
chr4,60358615,60396908,2,1,1
chr4,60399233,60535668,2,1,1
chr4,60580615,60625040,2,1,1
chr4,60654025,60695093,2,1,1
chr4,60706998,60797334,2,1,1
chr4,60798884,60838080,2,1,1
chr4,60917155,60972376,2,1,1
chr4,61004451,61053507,2,1,1
chr4,61062577,61133223,2,1,1
chr4,61137236,61268480,2,1,1
chr4,61303049,61306708,2,1,1
chr4,61346587,61415157,2,1,1
chr4,61422199,61466165,2,1,1
chr4,61477678,61583455,2,1,1
chr4,61594795,62056196,2,1,1
chr4,62058938,62087522,2,1,1
chr4,62098718,62226723,2,1,1
chr4,62219392,62242045,2,1,1
chr4,62262355,62267554,2,1,1
chr4,62274626,62334403,2,1,1
chr4,62355500,62464414,2,1,1
chr4,62542879,62573803,2,1,1
chr4,62562800,62648526,2,1,1
chr4,62654938,62721307,2,1,1
chr4,62725748,62835683,2,1,1
chr4,62835493,62835493,2,1,1
chr4,62844408,62886721,2,1,1
chr4,62907881,62907881,2,1,1
chr4,62911780,62958873,2,1,1
chr4,62959471,62974261,2,1,1
chr4,62974261,63154407,2,1,1
chr4,63168556,63169858,2,1,1
chr4,63176045,63199055,2,1,1
chr4,63207862,63295844,2,1,1
chr4,63312133,63382249,2,1,1
chr4,63409453,63461171,2,1,1
chr4,63483471,63592556,2,1,1
chr4,63595521,63753821,2,1,1
chr4,63788331,63820118,2,1,1
chr4,63839114,63895444,2,1,1
chr4,63911240,64110515,2,1,1
chr4,64172282,64293144,2,1,1
chr4,64335998,64395001,2,1,1
chr4,64419592,64433207,2,1,1
chr4,64441423,64587484,2,1,1
chr4,64591774,64625173,2,1,1
chr4,64650607,64697596,2,1,1
chr4,64716101,64778681,2,1,1
chr4,64829044,64969270,2,1,1
chr4,64970373,64999478,2,1,1
chr4,65000207,65051827,2,1,1
chr4,65064812,65121889,2,1,1
chr4,65180108,65302153,2,1,1
chr4,65309678,65339038,2,1,1
chr4,65335015,65355295,2,1,1
chr4,65364199,65376453,2,1,1
chr4,65383541,65587397,2,1,1
chr4,65591538,65647146,2,1,1
chr4,65673006,65712811,2,1,1
chr4,65707714,65788741,2,1,1
chr4,65819561,66027862,2,1,1
chr4,66061577,66089144,2,1,1
chr4,66101809,66179013,2,1,1
chr4,66186017,66387350,2,1,1
chr4,66417002,66417004,2,1,1
chr4,66447972,66499748,2,1,1
chr4,66541799,66617343,2,1,1
chr4,66640706,66806777,2,1,1
chr4,66827845,66920594,2,1,1
chr4,66933183,66955579,2,1,1
chr4,67005034,67075938,2,1,1
chr4,67086288,67101724,2,1,1
chr4,67120430,67152356,2,1,1
chr4,67229812,67252399,2,1,1
chr4,67303682,67343212,2,1,1
chr4,67361965,67438833,2,1,1
chr4,67470744,67483081,2,1,1
chr4,67502463,67523246,2,1,1
chr4,67523246,67543957,2,1,1
chr4,67568406,67837641,2,1,1
chr4,67931768,68279436,2,1,1
chr4,68286880,68457403,2,1,1
chr4,68506040,68617365,2,1,1
chr4,68631064,68631064,2,1,1
chr4,68686981,68736498,2,1,1
chr4,68740188,68780041,2,1,1
chr4,68797664,68835455,2,1,1
chr4,68833194,68869147,2,1,1
chr4,68880830,68991977,2,1,1
chr4,69006145,69048536,2,1,1
chr4,69075318,69150510,2,1,1
chr4,69162998,69375985,2,1,1
chr4,69392749,69538990,2,1,1
chr4,69545306,69585165,2,1,1
chr4,69594602,69630843,2,1,1
chr4,69652787,69703527,2,1,1
chr4,69736333,69882466,2,1,1
chr4,69886151,69995776,2,1,1
chr4,70008143,70043463,2,1,1
chr4,70045723,70220548,2,1,1
chr4,70224966,70340660,2,1,1
chr4,70361741,70445776,2,1,1
chr4,70451749,70485627,2,1,1
chr4,70513361,70536371,2,1,1
chr4,70570065,70617201,2,1,1
chr4,70631926,70723391,2,1,1
chr4,70761255,70848882,2,1,1
chr4,70881654,70907582,2,1,1
chr4,70973500,71048803,2,1,1
chr4,71070066,71070066,2,1,1
chr4,71092832,71127403,2,1,1
chr4,71151601,71353666,2,1,1
chr4,71356308,71483056,2,1,1
chr4,71510836,71817827,2,1,1
chr4,71832466,71965223,2,1,1
chr4,71992112,72151215,2,1,1
chr4,72182792,72223523,2,1,1
chr4,72245115,72370348,2,1,1
chr4,72386865,72437337,2,1,1
chr4,72467043,72704989,2,1,1
chr4,72705375,72736527,2,1,1
chr4,72757529,72873926,2,1,1
chr4,72887539,72986057,2,1,1
chr4,73030998,73057984,2,1,1
chr4,73067626,73194263,2,1,1
chr4,73195704,73215343,2,1,1
chr4,73229218,73255740,2,1,1
chr4,73250696,73318935,2,1,1
chr4,73327031,73382208,2,1,1
chr4,73425428,73425428,2,1,1
chr4,73430535,73579165,2,1,1
chr4,73589607,73653791,2,1,1
chr4,73674164,73699144,2,1,1
chr4,73704442,73807772,2,1,1
chr4,73822754,73964741,2,1,1
chr4,73966085,74015540,2,1,1
chr4,74052802,74064537,2,1,1
chr4,74090730,74158962,2,1,1
chr4,74166193,74208199,2,1,1
chr4,74222319,74330699,2,1,1
chr4,74357851,74520217,2,1,1
chr4,74534614,74666022,2,1,1
chr4,74676242,74793849,2,1,1
chr4,74814413,74846877,2,1,1
chr4,74854871,74883450,2,1,1
chr4,74928201,74959996,2,1,1
chr4,74969414,74969414,2,1,1
chr4,74986326,75089121,2,1,1
chr4,75100513,75104939,2,1,1
chr4,75106365,75144613,2,1,1
chr4,75157089,75227426,2,1,1
chr4,75254782,75271356,2,1,1
chr4,75322492,75381509,2,1,1
chr4,75502781,75547845,2,1,1
chr4,75555721,75571671,2,1,1
chr4,75594904,75896272,2,1,1
chr4,75927625,76089735,2,1,1
chr4,76111271,76373479,2,1,1
chr4,76390812,76489582,2,1,1
chr4,76503687,76669006,2,1,1
chr4,76676464,77047089,2,1,1
chr4,77044811,77239140,2,1,1
chr4,77269262,77351710,2,1,1
chr4,77357592,77632804,2,1,1
chr4,77662309,77983282,2,1,1
chr4,78003551,78257727,2,1,1
chr4,78254092,78609860,2,1,1
chr4,78622593,78866803,2,1,1
chr4,78876763,78991030,2,1,1
chr4,79001041,79063263,2,1,1
chr4,79077175,79599659,2,1,1
chr4,79616599,79682149,2,1,1
chr4,79705833,79705833,2,1,1
chr4,79727313,79762807,2,1,1
chr4,79816268,79816268,2,1,1
chr4,79822307,79829890,2,1,1
chr4,79850517,79905698,2,1,1
chr4,79923608,80042302,2,1,1
chr4,80062229,80227431,2,1,1
chr4,80249425,80332848,2,1,1
chr4,80348549,80372978,2,1,1
chr4,80389614,80422049,2,1,1
chr4,80458413,80544515,2,1,1
chr4,80561681,80665921,2,1,1
chr4,80666196,80692595,2,1,1
chr4,80721764,80858044,2,1,1
chr4,80873106,80946475,2,1,1
chr4,80963952,81001940,2,1,1
chr4,81025154,81046586,2,1,1
chr4,81048892,81048892,2,1,1
chr4,81075200,81117082,2,1,1
chr4,81130808,81177054,2,1,1
chr4,81199966,81305711,2,1,1
chr4,81311668,81340001,2,1,1
chr4,81346212,81486272,2,1,1
chr4,81520285,81714651,2,1,1
chr4,81752144,81790729,2,1,1
chr4,81795217,81842668,2,1,1
chr4,81852947,81876611,2,1,1
chr4,81869056,82215728,2,1,1
chr4,82219446,82557133,2,1,1
chr4,82590041,82629545,2,1,1
chr4,82637316,82880984,2,1,1
chr4,82893845,83003123,2,1,1
chr4,83008968,83137163,2,1,1
chr4,83131446,83159604,2,1,1
chr4,83168638,83555646,2,1,1
chr4,83573770,83574858,2,1,1
chr4,83602929,83842705,2,1,1
chr4,83848388,83991529,2,1,1
chr4,84005377,84161920,2,1,1
chr4,84164547,84243940,2,1,1
chr4,84233648,84266641,2,1,1
chr4,84260679,84616225,2,1,1
chr4,84619640,84731133,2,1,1
chr4,84743544,84913352,2,1,1
chr4,84890303,85154902,2,1,1
chr4,85161396,85240769,2,1,1
chr4,85243080,85643051,2,1,1
chr4,85649557,85678624,2,1,1
chr4,85684576,85710824,2,1,1
chr4,85748896,85809638,2,1,1
chr4,85828903,86048664,2,1,1
chr4,86044340,86089602,2,1,1
chr4,86094342,86101875,2,1,1
chr4,86105600,86137304,2,1,1
chr4,86167565,86384329,2,1,1
chr4,86404581,86771047,2,1,1
chr4,86772380,86804078,2,1,1
chr4,86829097,86985476,2,1,1
chr4,87006350,87177073,2,1,1
chr4,87181275,87216141,2,1,1
chr4,87217607,87323930,2,1,1
chr4,87364854,87364854,2,1,1
chr4,87389117,87517609,2,1,1
chr4,87518715,87577853,2,1,1
chr4,87603929,87639558,2,1,1
chr4,87657887,87657887,2,1,1
chr4,87668029,87668029,2,1,1
chr4,87713222,87741684,2,1,1
chr4,87727549,88265246,2,1,1
chr4,88296588,88308415,2,1,1
chr4,88327110,88365830,2,1,1
chr4,88390572,88396189,2,1,1
chr4,88437710,88446859,2,1,1
chr4,88468852,88510737,2,1,1
chr4,88502767,88509669,2,1,1
chr4,88534545,88577419,2,1,1
chr4,88580810,89283835,2,1,1
chr4,89335667,89358442,2,1,1
chr4,89386825,89421655,2,1,1
chr4,89427059,89495551,2,1,1
chr4,89509081,89616328,2,1,1
chr4,89669233,89688833,2,1,1
chr4,89730403,89744825,2,1,1
chr4,89757082,89884567,2,1,1
chr4,89879488,89898681,2,1,1
chr4,89926086,89926086,2,1,1
chr4,89961993,89961993,2,1,1
chr4,89975449,90299462,2,1,1
chr4,90307795,90350064,2,1,1
chr4,90358209,90710099,2,1,1
chr4,90721880,90832044,2,1,1
chr4,90830603,90885244,2,1,1
chr4,90888182,90921514,2,1,1
chr4,90955516,90989022,2,1,1
chr4,91047623,91077775,2,1,1
chr4,91096497,91169266,2,1,1
chr4,91209587,91265011,2,1,1
chr4,91295389,91362886,2,1,1
chr4,91374923,91500126,2,1,1
chr4,91504762,91648054,2,1,1
chr4,91665347,91677887,2,1,1
chr4,91743701,91796803,2,1,1
chr4,91830514,91927636,2,1,1
chr4,91952313,91990464,2,1,1
chr4,92016417,92133231,2,1,1
chr4,92198469,92237217,2,1,1
chr4,92252317,92252317,2,1,1
chr4,92282844,92313514,2,1,1
chr4,92320024,92353762,2,1,1
chr4,92466445,92549357,2,1,1
chr4,92549737,92580262,2,1,1
chr4,92590345,92622598,2,1,1
chr4,92632845,92741185,2,1,1
chr4,92761582,92808146,2,1,1
chr4,92791983,92791983,2,1,1
chr4,92853827,92853827,2,1,1
chr4,92974784,92974784,2,1,1
chr4,92995393,92995393,2,1,1
chr4,93059361,93071143,2,1,1
chr4,93115961,93156345,2,1,1
chr4,93171969,93192799,2,1,1
chr4,93267869,93270325,2,1,1
chr4,93270325,93296704,2,1,1
chr4,93338780,93392278,2,1,1
chr4,93405850,93498825,2,1,1
chr4,93508166,93532297,2,1,1
chr4,93610241,93649136,2,1,1
chr4,93727446,93764050,2,1,1
chr4,93773227,93812928,2,1,1
chr4,93829359,93857567,2,1,1
chr4,93909727,93909727,2,1,1
chr4,93945075,93986318,2,1,1
chr4,94013964,94020959,2,1,1
chr4,94034955,94047682,2,1,1
chr4,94060886,94092083,2,1,1
chr4,94108496,94159658,2,1,1
chr4,94172488,94177579,2,1,1
chr4,94211280,94251270,2,1,1
chr4,94316763,94316763,2,1,1
chr4,94400170,94452948,2,1,1
chr4,94487317,94510441,2,1,1
chr4,94526281,94760857,2,1,1
chr4,94773384,94823803,2,1,1
chr4,94846452,94916883,2,1,1
chr4,94905587,94955042,2,1,1
chr4,94972533,95107869,2,1,1
chr4,95127000,95467095,2,1,1
chr4,95452774,95473162,2,1,1
chr4,95488920,95732398,2,1,1
chr4,95766221,95809725,2,1,1
chr4,95814078,95948269,2,1,1
chr4,95936922,95959027,2,1,1
chr4,95973095,96631125,2,1,1
chr4,96432154,96437294,2,1,1
chr4,96656768,96696566,2,1,1
chr4,96723931,96779561,2,1,1
chr4,96784745,96996651,2,1,1
chr4,97010790,97052038,2,1,1
chr4,97054457,97140746,2,1,1
chr4,97168980,97197274,2,1,1
chr4,97214913,97252023,2,1,1
chr4,97281559,97505019,2,1,1
chr4,97516697,97549082,2,1,1
chr4,97592184,97624872,2,1,1
chr4,97630025,97662990,2,1,1
chr4,97667989,97763264,2,1,1
chr4,97774817,97821938,2,1,1
chr4,97824416,97855523,2,1,1
chr4,97873085,97938186,2,1,1
chr4,97940718,97984884,2,1,1
chr4,98003646,98096219,2,1,1
chr4,98137387,98200136,2,1,1
chr4,98189472,98240944,2,1,1
chr4,98246644,98369948,2,1,1
chr4,98424079,98568821,2,1,1
chr4,98573238,98642737,2,1,1
chr4,98680947,98709128,2,1,1
chr4,98700137,98876792,2,1,1
chr4,98878714,98970512,2,1,1
chr4,98973789,99133085,2,1,1
chr4,99136774,99187874,2,1,1
chr4,99180493,99222988,2,1,1
chr4,99237439,99307864,2,1,1
chr4,99324368,99343618,2,1,1
chr4,99330630,99367578,2,1,1
chr4,99388927,99904698,2,1,1
chr4,99907882,100357484,2,1,1
chr4,100361787,100523898,2,1,1
chr4,100525857,100597561,2,1,1
chr4,100647239,100920121,2,1,1
chr4,100920844,101018577,2,1,1
chr4,101023573,101023573,2,1,1
chr4,101048481,101050245,2,1,1
chr4,101079099,101211648,2,1,1
chr4,101192315,101292721,2,1,1
chr4,101338938,101446867,2,1,1
chr4,101457573,101481021,2,1,1
chr4,101532269,101547093,2,1,1
chr4,101559958,101582342,2,1,1
chr4,101612447,101634338,2,1,1
chr4,101670440,101685350,2,1,1
chr4,101687545,101800766,2,1,1
chr4,101808567,101838523,2,1,1
chr4,101839776,101925277,2,1,1
chr4,101931988,102071671,2,1,1
chr4,102082033,102112478,2,1,1
chr4,102114113,102150953,2,1,1
chr4,102165472,102630858,2,1,1
chr4,102635111,102720551,2,1,1
chr4,102723246,102782908,2,1,1
chr4,102794621,102874526,2,1,1
chr4,102893323,102945973,2,1,1
chr4,102989603,103007417,2,1,1
chr4,103051976,103091829,2,1,1
chr4,103097417,103126655,2,1,1
chr4,103137712,103221483,2,1,1
chr4,103224534,103252014,2,1,1
chr4,103283460,103381102,2,1,1
chr4,103384995,104092225,2,1,1
chr4,104105579,104231241,2,1,1
chr4,104245728,104250412,2,1,1
chr4,104282051,104311426,2,1,1
chr4,104327365,104565885,2,1,1
chr4,104581487,104618850,2,1,1
chr4,104639674,104672088,2,1,1
chr4,104678848,104785925,2,1,1
chr4,104799578,104980830,2,1,1
chr4,104981557,105078845,2,1,1
chr4,105082701,105288092,2,1,1
chr4,105289483,105301788,2,1,1
chr4,105295875,105298261,2,1,1
chr4,105317810,105507086,2,1,1
chr4,105523084,105578015,2,1,1
chr4,105594870,105607108,2,1,1
chr4,105607108,105639379,2,1,1
chr4,105645378,105861408,2,1,1
chr4,105849642,105900001,2,1,1
chr4,105902498,105945776,2,1,1
chr4,105960357,106074826,2,1,1
chr4,106098498,106173199,2,1,1
chr4,106171635,106317604,2,1,1
chr4,106295848,106346117,2,1,1
chr4,106343747,106361141,2,1,1
chr4,106375734,106534157,2,1,1
chr4,106549096,106694621,2,1,1
chr4,106725604,106940487,2,1,1
chr4,106958298,107008610,2,1,1
chr4,107008610,107018412,2,1,1
chr4,107068874,107080029,2,1,1
chr4,107092667,107092667,2,1,1
chr4,107104331,107118498,2,1,1
chr4,107136718,107147297,2,1,1
chr4,107177761,107190381,2,1,1
chr4,107211525,107220687,2,1,1
chr4,107272270,107555521,2,1,1
chr4,107585726,107643850,2,1,1
chr4,107662898,107662898,2,1,1
chr4,107736975,107752292,2,1,1
chr4,107845794,107975214,2,1,1
chr4,107988210,108009235,2,1,1
chr4,108021453,108065899,2,1,1
chr4,108072699,108271925,2,1,1
chr4,108280094,108469756,2,1,1
chr4,108482965,108615960,2,1,1
chr4,108654167,108695947,2,1,1
chr4,108715410,108842763,2,1,1
chr4,108845247,109152888,2,1,1
chr4,109172523,109812550,2,1,1
chr4,109813578,110011254,2,1,1
chr4,110068238,110099651,2,1,1
chr4,110106049,110266247,2,1,1
chr4,110298193,110317172,2,1,1
chr4,110341648,110341648,2,1,1
chr4,110379945,110437933,2,1,1
chr4,110462692,111113173,2,1,1
chr4,110599910,110599910,2,1,1
chr4,111122162,111305518,2,1,1
chr4,111316206,111370583,2,1,1
chr4,111374275,111475964,2,1,1
chr4,111495422,111551521,2,1,1
chr4,111554499,111721210,2,1,1
chr4,111723392,111770855,2,1,1
chr4,111786127,111849422,2,1,1
chr4,111900618,112023375,2,1,1
chr4,112044508,112068695,2,1,1
chr4,112081051,112109077,2,1,1
chr4,112125931,112193351,2,1,1
chr4,112204250,112433495,2,1,1
chr4,112455559,112471927,2,1,1
chr4,112516337,112562714,2,1,1
chr4,112589327,112589327,2,1,1
chr4,112622686,112634872,2,1,1
chr4,112653725,112685353,2,1,1
chr4,112760763,112893651,2,1,1
chr4,112880414,112951897,2,1,1
chr4,112956873,113123832,2,1,1
chr4,113138373,113319049,2,1,1
chr4,113352397,113430752,2,1,1
chr4,113438903,113589928,2,1,1
chr4,113609023,113771487,2,1,1
chr4,113805126,113856999,2,1,1
chr4,113865076,113866599,2,1,1
chr4,113912360,114123944,2,1,1
chr4,114124365,114409695,2,1,1
chr4,114415562,114478482,2,1,1
chr4,114481519,114726416,2,1,1
chr4,114737984,114783439,2,1,1
chr4,114795957,114919111,2,1,1
chr4,114945663,114952049,2,1,1
chr4,114996485,114996485,2,1,1
chr4,115003374,115173835,2,1,1
chr4,115184195,115297064,2,1,1
chr4,115301751,115346916,2,1,1
chr4,115379300,115447914,2,1,1
chr4,115456515,115531855,2,1,1
chr4,115531209,115551300,2,1,1
chr4,115607637,115716483,2,1,1
chr4,115719703,115850273,2,1,1
chr4,115882791,116021160,2,1,1
chr4,116076495,116123628,2,1,1
chr4,116134728,116179756,2,1,1
chr4,116216843,116278669,2,1,1
chr4,116284502,116318151,2,1,1
chr4,116327816,116457142,2,1,1
chr4,116468561,116468561,2,1,1
chr4,116486358,116586863,2,1,1
chr4,116598539,116632827,2,1,1
chr4,116636512,116666148,2,1,1
chr4,116693102,116727973,2,1,1
chr4,116760208,116760979,2,1,1
chr4,116775506,116853238,2,1,1
chr4,116853238,116884630,2,1,1
chr4,116894599,116948775,2,1,1
chr4,116990068,117139897,2,1,1
chr4,117063996,117063996,2,1,1
chr4,117148896,117254616,2,1,1
chr4,117276590,117288596,2,1,1
chr4,117310424,117327024,2,1,1
chr4,117361020,117361020,2,1,1
chr4,117455654,117520126,2,1,1
chr4,117560749,117581242,2,1,1
chr4,117589650,117622026,2,1,1
chr4,117623903,117710684,2,1,1
chr4,117712632,117744350,2,1,1
chr4,117773347,117805390,2,1,1
chr4,117827884,117831989,2,1,1
chr4,117832770,117876801,2,1,1
chr4,117883133,117921562,2,1,1
chr4,117950106,118010456,2,1,1
chr4,118020909,118044876,2,1,1
chr4,118074058,118101140,2,1,1
chr4,118118124,118119254,2,1,1
chr4,118169138,118230511,2,1,1
chr4,118280495,118317357,2,1,1
chr4,118324651,118365534,2,1,1
chr4,118375241,118456117,2,1,1
chr4,118491955,118641047,2,1,1
chr4,118644596,118710188,2,1,1
chr4,118715658,118767115,2,1,1
chr4,118765210,118826243,2,1,1
chr4,118834431,118908361,2,1,1
chr4,118916716,118952126,2,1,1
chr4,118957900,119149108,2,1,1
chr4,119160191,119188729,2,1,1
chr4,119182903,119195440,2,1,1
chr4,119200274,119251157,2,1,1
chr4,119267850,119368420,2,1,1
chr4,119387868,119413368,2,1,1
chr4,119413368,119424386,2,1,1
chr4,119421140,119424270,2,1,1
chr4,119443435,119451728,2,1,1
chr4,119465703,119488953,2,1,1
chr4,119482072,119482072,2,1,1
chr4,119488846,119524635,2,1,1
chr4,119524635,119532507,2,1,1
chr4,119555789,119782825,2,1,1
chr4,119807193,120438174,2,1,1
chr4,120470035,120674169,2,1,1
chr4,120690666,120892524,2,1,1
chr4,120905344,121190181,2,1,1
chr4,121195812,121683755,2,1,1
chr4,121694912,122047579,2,1,1
chr4,122059420,122288645,2,1,1
chr4,122299769,122342876,2,1,1
chr4,122367525,122367525,2,1,1
chr4,122374024,122754920,2,1,1
chr4,122763403,122785457,2,1,1
chr4,122788882,122942218,2,1,1
chr4,122983369,122983369,2,1,1
chr4,122986426,122986426,2,1,1
chr4,123019722,123053897,2,1,1
chr4,123060476,123111918,2,1,1
chr4,123115502,123146739,2,1,1
chr4,123152938,123198435,2,1,1
chr4,123223980,123253875,2,1,1
chr4,123263446,123371976,2,1,1
chr4,123377482,123409292,2,1,1
chr4,123413566,123431998,2,1,1
chr4,123418678,124029327,2,1,1
chr4,124058124,124428837,2,1,1
chr4,124510476,124550621,2,1,1
chr4,124557772,124601365,2,1,1
chr4,124608329,124839504,2,1,1
chr4,124861428,124870363,2,1,1
chr4,124874453,124905995,2,1,1
chr4,124911136,125003601,2,1,1
chr4,125012990,125267791,2,1,1
chr4,125308507,125438841,2,1,1
chr4,125451575,125620031,2,1,1
chr4,125621749,125691382,2,1,1
chr4,125693391,126021789,2,1,1
chr4,126082638,126099163,2,1,1
chr4,126105195,126155593,2,1,1
chr4,126148884,126166765,2,1,1
chr4,126169900,126246580,2,1,1
chr4,126252068,126281130,2,1,1
chr4,126281438,126335615,2,1,1
chr4,126359365,126374458,2,1,1
chr4,126424105,126489878,2,1,1
chr4,126494411,126679622,2,1,1
chr4,126680668,126725348,2,1,1
chr4,126766315,126897602,2,1,1
chr4,126923355,127018404,2,1,1
chr4,127050466,127106530,2,1,1
chr4,127112422,127141385,2,1,1
chr4,127172767,127172767,2,1,1
chr4,127239973,127272674,2,1,1
chr4,127298589,127504488,2,1,1
chr4,127506754,127585996,2,1,1
chr4,127582758,127604415,2,1,1
chr4,127611848,127650137,2,1,1
chr4,127653765,127666394,2,1,1
chr4,127700076,127727051,2,1,1
chr4,127738766,128066804,2,1,1
chr4,128467412,128534796,2,1,1
chr4,128608797,128694288,2,1,1
chr4,128700315,128753707,2,1,1
chr4,128763948,128794371,2,1,1
chr4,128791472,128851475,2,1,1
chr4,128803159,128803159,2,1,1
chr4,128872681,128888449,2,1,1
chr4,128921669,129032845,2,1,1
chr4,129028057,129253158,2,1,1
chr4,129262454,129816821,2,1,1
chr4,129816368,129907917,2,1,1
chr4,129924977,130079623,2,1,1
chr4,130123999,130198659,2,1,1
chr4,130202270,130284991,2,1,1
chr4,130312680,130495079,2,1,1
chr4,130498745,130770078,2,1,1
chr4,130777429,130863462,2,1,1
chr4,130865501,130920795,2,1,1
chr4,130918048,130918048,2,1,1
chr4,130952308,131055124,2,1,1
chr4,131060779,131164955,2,1,1
chr4,131068724,131068724,2,1,1
chr4,131177600,131287248,2,1,1
chr4,131291957,131354468,2,1,1
chr4,131355511,131385479,2,1,1
chr4,131446316,131487539,2,1,1
chr4,131506612,131582081,2,1,1
chr4,131602190,131692724,2,1,1
chr4,131711954,131726546,2,1,1
chr4,131787593,131805457,2,1,1
chr4,131805457,131832167,2,1,1
chr4,131844326,131846595,2,1,1
chr4,131884313,131941333,2,1,1
chr4,131933159,132016899,2,1,1
chr4,132021468,132124011,2,1,1
chr4,132122274,132146282,2,1,1
chr4,132154605,132183923,2,1,1
chr4,132191843,132393615,2,1,1
chr4,132409306,132443200,2,1,1
chr4,132449197,132489231,2,1,1
chr4,132490585,132498265,2,1,1
chr4,132516495,132555293,2,1,1
chr4,132564578,132650804,2,1,1
chr4,132686929,132746090,2,1,1
chr4,132761248,132787641,2,1,1
chr4,132796016,132824865,2,1,1
chr4,132855660,132948418,2,1,1
chr4,132980561,133066208,2,1,1
chr4,133072088,133164679,2,1,1
chr4,133168527,133220837,2,1,1
chr4,133239027,133275110,2,1,1
chr4,133266996,133289125,2,1,1
chr4,133301172,133320909,2,1,1
chr4,133303555,133331063,2,1,1
chr4,133328788,133349983,2,1,1
chr4,133383779,133388375,2,1,1
chr4,133492317,133735746,2,1,1
chr4,133765166,133860850,2,1,1
chr4,133875995,133909130,2,1,1
chr4,133935304,133972637,2,1,1
chr4,133991383,134020743,2,1,1
chr4,134037791,134120287,2,1,1
chr4,134124089,134159331,2,1,1
chr4,134164394,134195691,2,1,1
chr4,134217161,134217161,2,1,1
chr4,134222973,134284373,2,1,1
chr4,134304149,134540735,2,1,1
chr4,134557221,134633204,2,1,1
chr4,134665889,134691444,2,1,1
chr4,134690708,134754847,2,1,1
chr4,134758334,134866862,2,1,1
chr4,134868801,134969949,2,1,1
chr4,134988467,135056758,2,1,1
chr4,135057163,135136859,2,1,1
chr4,135145695,135193289,2,1,1
chr4,135207512,135225039,2,1,1
chr4,135226102,135464756,2,1,1
chr4,135473020,135495739,2,1,1
chr4,135563566,135563566,2,1,1
chr4,135574112,135599516,2,1,1
chr4,135621400,135731176,2,1,1
chr4,135732317,135824772,2,1,1
chr4,135826889,135917420,2,1,1
chr4,135921316,135921316,2,1,1
chr4,135945634,136057500,2,1,1
chr4,136066929,136091820,2,1,1
chr4,136093675,136146279,2,1,1
chr4,136168139,136191890,2,1,1
chr4,136208721,136258488,2,1,1
chr4,136262955,136292284,2,1,1
chr4,136302474,136348175,2,1,1
chr4,136351690,136396617,2,1,1
chr4,136399784,136525401,2,1,1
chr4,136557924,136606141,2,1,1
chr4,136619629,136733267,2,1,1
chr4,136816877,136910907,2,1,1
chr4,136928768,136963992,2,1,1
chr4,136979452,137162021,2,1,1
chr4,137166628,137178902,2,1,1
chr4,137233717,137234072,2,1,1
chr4,137265503,137289020,2,1,1
chr4,137305676,137407576,2,1,1
chr4,137422588,137523006,2,1,1
chr4,137542931,137727894,2,1,1
chr4,137728577,137921890,2,1,1
chr4,137917084,137970058,2,1,1
chr4,137992886,138032446,2,1,1
chr4,138036656,138073443,2,1,1
chr4,138118081,138139382,2,1,1
chr4,138143521,138251175,2,1,1
chr4,138258107,138474901,2,1,1
chr4,138478347,138650650,2,1,1
chr4,138682588,138724865,2,1,1
chr4,138726604,138763811,2,1,1
chr4,138771939,139083400,2,1,1
chr4,139089430,139167497,2,1,1
chr4,139167344,139185461,2,1,1
chr4,139201582,139242401,2,1,1
chr4,139308968,139378129,2,1,1
chr4,139437395,139625755,2,1,1
chr4,139631944,139787640,2,1,1
chr4,139745417,139745929,2,1,1
chr4,139791423,139926498,2,1,1
chr4,139939114,139975659,2,1,1
chr4,139961437,139961437,2,1,1
chr4,140017628,140401724,2,1,1
chr4,140405685,140439344,2,1,1
chr4,140405909,140438033,2,1,1
chr4,140446079,140473849,2,1,1
chr4,140493065,141088065,2,1,1
chr4,141095290,141231997,2,1,1
chr4,141243163,141308898,2,1,1
chr4,141371866,141386959,2,1,1
chr4,141395304,141720070,2,1,1
chr4,141762025,141867272,2,1,1
chr4,141868515,142033925,2,1,1
chr4,142050828,142131643,2,1,1
chr4,142132496,142427957,2,1,1
chr4,142390713,142390713,2,1,1
chr4,142450460,142466936,2,1,1
chr4,142480878,142776429,2,1,1
chr4,142795040,142897099,2,1,1
chr4,142920478,143147251,2,1,1
chr4,143175255,143266758,2,1,1
chr4,143287926,143326714,2,1,1
chr4,143329202,143370106,2,1,1
chr4,143373910,143452535,2,1,1
chr4,143481714,143654534,2,1,1
chr4,143679854,143679854,2,1,1
chr4,143691415,143737358,2,1,1
chr4,143774519,143813441,2,1,1
chr4,143834088,143849624,2,1,1
chr4,143869612,143881732,2,1,1
chr4,143891920,143937108,2,1,1
chr4,143941380,144191954,2,1,1
chr4,144187380,144554007,2,1,1
chr4,144554821,144606631,2,1,1
chr4,144597962,144655795,2,1,1
chr4,144663236,144730563,2,1,1
chr4,144732943,144926718,2,1,1
chr4,144951004,145080515,2,1,1
chr4,145084746,145289038,2,1,1
chr4,145314027,145339800,2,1,1
chr4,145334149,145360445,2,1,1
chr4,145350264,145448056,2,1,1
chr4,145460230,145492003,2,1,1
chr4,145506558,145593674,2,1,1
chr4,145605033,145626096,2,1,1
chr4,145640400,145744276,2,1,1
chr4,145749027,145754390,2,1,1
chr4,145770112,145865500,2,1,1
chr4,145876849,145885961,2,1,1
chr4,145889835,145938832,2,1,1
chr4,145938832,145991612,2,1,1
chr4,146066055,146105777,2,1,1
chr4,146113003,146489244,2,1,1
chr4,146497528,146697205,2,1,1
chr4,146697796,146917308,2,1,1
chr4,146948803,147328483,2,1,1
chr4,147343333,147343333,2,1,1
chr4,147380779,147449011,2,1,1
chr4,147462679,147522173,2,1,1
chr4,147468721,147482757,2,1,1
chr4,147543611,147564768,2,1,1
chr4,147588909,147610908,2,1,1
chr4,147643753,147688582,2,1,1
chr4,147762848,148017274,2,1,1
chr4,148028744,148074978,2,1,1
chr4,148068868,148125612,2,1,1
chr4,148141875,148226655,2,1,1
chr4,148236732,148297180,2,1,1
chr4,148313893,148584381,2,1,1
chr4,148612152,148759696,2,1,1
chr4,148763687,148951153,2,1,1
chr4,148983120,149133157,2,1,1
chr4,149137625,149167780,2,1,1
chr4,149173629,149292295,2,1,1
chr4,149293474,149409090,2,1,1
chr4,149416681,149635025,2,1,1
chr4,149638336,149887051,2,1,1
chr4,149901365,150020067,2,1,1
chr4,150020067,150056473,2,1,1
chr4,150056473,150138553,2,1,1
chr4,150162909,150305140,2,1,1
chr4,150323638,150339485,2,1,1
chr4,150364103,150404072,2,1,1
chr4,150431785,150468373,2,1,1
chr4,150505584,150712561,2,1,1
chr4,150726993,150782084,2,1,1
chr4,150794548,150832951,2,1,1
chr4,150841231,151206408,2,1,1
chr4,151233934,151239861,2,1,1
chr4,151262768,151275667,2,1,1
chr4,151284967,151316047,2,1,1
chr4,151325273,151367855,2,1,1
chr4,151393093,151420304,2,1,1
chr4,151421996,151566660,2,1,1
chr4,151588483,151619029,2,1,1
chr4,151686176,151730948,2,1,1
chr4,151739717,151788219,2,1,1
chr4,151830775,151969006,2,1,1
chr4,151908291,151908291,2,1,1
chr4,152007201,152039547,2,1,1
chr4,152071582,152102925,2,1,1
chr4,152123303,152128158,2,1,1
chr4,152159200,153179077,2,1,1
chr4,153190541,153211026,2,1,1
chr4,153239711,153275701,2,1,1
chr4,153295212,153340648,2,1,1
chr4,153352795,153400874,2,1,1
chr4,153449053,153569854,2,1,1
chr4,153576891,153778861,2,1,1
chr4,153790345,154043464,2,1,1
chr4,154051940,154227973,2,1,1
chr4,154232522,154287417,2,1,1
chr4,154299074,154360945,2,1,1
chr4,154418821,154419383,2,1,1
chr4,154435995,154435995,2,1,1
chr4,154478300,154564116,2,1,1
chr4,154584102,154648804,2,1,1
chr4,154661686,154877562,2,1,1
chr4,154934664,154996683,2,1,1
chr4,155007549,155024997,2,1,1
chr4,155046087,155071789,2,1,1
chr4,155081692,155095032,2,1,1
chr4,155133818,155148361,2,1,1
chr4,155163784,155212484,2,1,1
chr4,155220236,155265952,2,1,1
chr4,155304961,155436137,2,1,1
chr4,155447647,155583839,2,1,1
chr4,155597624,155748154,2,1,1
chr4,155752106,155825714,2,1,1
chr4,155858666,155989636,2,1,1
chr4,155989636,156124543,2,1,1
chr4,156145116,156162709,2,1,1
chr4,156170379,156285170,2,1,1
chr4,156301738,156397273,2,1,1
chr4,156401693,156472060,2,1,1
chr4,156497084,156525365,2,1,1
chr4,156553247,156556022,2,1,1
chr4,156556267,156556267,2,1,1
chr4,156607143,156728367,2,1,1
chr4,156747258,156874528,2,1,1
chr4,156879479,156917020,2,1,1
chr4,156919006,156949179,2,1,1
chr4,156980927,157123550,2,1,1
chr4,157130289,157170065,2,1,1
chr4,157179581,157181506,2,1,1
chr4,157216074,157227656,2,1,1
chr4,157279291,157312995,2,1,1
chr4,157354625,157433970,2,1,1
chr4,157433738,157662803,2,1,1
chr4,157674780,157856306,2,1,1
chr4,157884105,157898800,2,1,1
chr4,157899523,157914261,2,1,1
chr4,157943191,157965262,2,1,1
chr4,157988816,158064484,2,1,1
chr4,158065503,158070254,2,1,1
chr4,158109621,158252934,2,1,1
chr4,158277925,158303497,2,1,1
chr4,158344047,158407819,2,1,1
chr4,158407781,158431052,2,1,1
chr4,158431052,158439237,2,1,1
chr4,158455795,158499971,2,1,1
chr4,161335993,161438288,2,1,1
chr4,161438671,161507301,2,1,1
chr4,161532574,161702215,2,1,1
chr4,161713036,161770190,2,1,1
chr4,161785230,161903286,2,1,1
chr4,161912547,161953713,2,1,1
chr4,161958839,161995638,2,1,1
chr4,162039318,162084423,2,1,1
chr4,162097832,162136575,2,1,1
chr4,162146057,162189977,2,1,1
chr4,162214275,162321420,2,1,1
chr4,162324395,162416223,2,1,1
chr4,162401801,162413689,2,1,1
chr4,162471841,162541671,2,1,1
chr4,162548816,162601883,2,1,1
chr4,162633257,162643733,2,1,1
chr4,162676290,162710868,2,1,1
chr4,162736542,162778445,2,1,1
chr4,162807581,162831095,2,1,1
chr4,162845874,162865436,2,1,1
chr4,162896015,162944041,2,1,1
chr4,162970007,162981946,2,1,1
chr4,163001403,163001403,2,1,1
chr4,163028579,163060880,2,1,1
chr4,163113614,163155324,2,1,1
chr4,163155324,163202262,2,1,1
chr4,163231628,163252146,2,1,1
chr4,163255610,163353217,2,1,1
chr4,163391920,163433035,2,1,1
chr4,163445015,163487234,2,1,1
chr4,163501257,163528735,2,1,1
chr4,163520691,163520691,2,1,1
chr4,163535889,163585717,2,1,1
chr4,163621750,163693609,2,1,1
chr4,163711965,163790570,2,1,1
chr4,163811361,163823265,2,1,1
chr4,163974581,164117181,2,1,1
chr4,164122871,164361906,2,1,1
chr4,164389550,164409621,2,1,1
chr4,164450469,164450469,2,1,1
chr4,164488213,164597311,2,1,1
chr4,164645477,164672957,2,1,1
chr4,164730833,164730833,2,1,1
chr4,164761311,164802715,2,1,1
chr4,164802715,164816162,2,1,1
chr4,164922905,164922905,2,1,1
chr4,165030401,165115156,2,1,1
chr4,165124882,165151626,2,1,1
chr4,165168921,165224350,2,1,1
chr4,165269074,165269074,2,1,1
chr4,165307109,165307109,2,1,1
chr4,165323576,165350281,2,1,1
chr4,165425558,165530614,2,1,1
chr4,165556369,165556369,2,1,1
chr4,165559330,165673959,2,1,1
chr4,165680912,165744424,2,1,1
chr4,165750893,165897429,2,1,1
chr4,165911810,165964785,2,1,1
chr4,165983981,166012951,2,1,1
chr4,166029430,166156155,2,1,1
chr4,166100594,166100594,2,1,1
chr4,166181198,166209834,2,1,1
chr4,166243491,166267180,2,1,1
chr4,166267180,166301840,2,1,1
chr4,166311028,166381223,2,1,1
chr4,166398831,166486772,2,1,1
chr4,166511091,166527465,2,1,1
chr4,166523119,166523119,2,1,1
chr4,166569234,166612288,2,1,1
chr4,166642206,166908015,2,1,1
chr4,166974477,167022173,2,1,1
chr4,167040395,167062298,2,1,1
chr4,167182394,167199684,2,1,1
chr4,167233799,167249170,2,1,1
chr4,167467444,167468064,2,1,1
chr4,167551146,167551146,2,1,1
chr4,167641237,167694843,2,1,1
chr4,167708821,167753814,2,1,1
chr4,167762548,167790313,2,1,1
chr4,167832750,167862936,2,1,1
chr4,167887036,167912051,2,1,1
chr4,167932327,167953146,2,1,1
chr4,167974142,168003155,2,1,1
chr4,168034319,168119613,2,1,1
chr4,168109986,168109986,2,1,1
chr4,168135137,168232131,2,1,1
chr4,168235598,168280743,2,1,1
chr4,168326720,168348929,2,1,1
chr4,168355684,168392223,2,1,1
chr4,168416734,168446013,2,1,1
chr4,168436448,168446122,2,1,1
chr4,168455396,168476395,2,1,1
chr4,168480528,168510719,2,1,1
chr4,168550306,168620546,2,1,1
chr4,168625003,168653043,2,1,1
chr4,168656374,168671673,2,1,1
chr4,168710102,168763452,2,1,1
chr4,168766808,168818227,2,1,1
chr4,168820221,168875198,2,1,1
chr4,168891440,169023386,2,1,1
chr4,168927836,168927836,2,1,1
chr4,169039532,169050251,2,1,1
chr4,169097159,169121238,2,1,1
chr4,169141418,169164457,2,1,1
chr4,169260660,169328289,2,1,1
chr4,169350800,169408821,2,1,1
chr4,169440462,169595421,2,1,1
chr4,169630788,169630792,2,1,1
chr4,169646838,169686560,2,1,1
chr4,169662840,169798004,2,1,1
chr4,169812249,169812249,2,1,1
chr4,169878417,169878417,2,1,1
chr4,169911458,170009619,2,1,1
chr4,170009619,170067538,2,1,1
chr4,170095150,170095150,2,1,1
chr4,170133804,170159301,2,1,1
chr4,170198392,170448464,2,1,1
chr4,170451334,170456754,2,1,1
chr4,170480888,170552632,2,1,1
chr4,170562598,170624330,2,1,1
chr4,170645539,171082612,2,1,1
chr4,171086368,171353182,2,1,1
chr4,171398224,171407523,2,1,1
chr4,171424591,171547017,2,1,1
chr4,171550745,171657400,2,1,1
chr4,171669807,171669807,2,1,1
chr4,171696927,171711508,2,1,1
chr4,171762071,171775834,2,1,1
chr4,171797326,171828587,2,1,1
chr4,171807535,171807535,2,1,1
chr4,171866908,171964165,2,1,1
chr4,172024553,172035905,2,1,1
chr4,172050379,172077536,2,1,1
chr4,172104607,172107795,2,1,1
chr4,172137083,172137083,2,1,1
chr4,172154162,172154162,2,1,1
chr4,172187239,172272551,2,1,1
chr4,172274229,172348261,2,1,1
chr4,172424773,172424773,2,1,1
chr4,172459232,172476209,2,1,1
chr4,172549406,172549406,2,1,1
chr4,172568425,172591466,2,1,1
chr4,172701103,172861710,2,1,1
chr4,172903726,172932137,2,1,1
chr4,172965481,172994388,2,1,1
chr4,173036517,173043037,2,1,1
chr4,173073608,173114284,2,1,1
chr4,173125742,173148462,2,1,1
chr4,173162481,173181660,2,1,1
chr4,173272336,173272336,2,1,1
chr4,173333831,173349433,2,1,1
chr4,173467958,173476730,2,1,1
chr4,173502443,173507952,2,1,1
chr4,173567297,173577325,2,1,1
chr4,173606192,173606192,2,1,1
chr4,173650270,173656593,2,1,1
chr4,173710391,173710391,2,1,1
chr4,173713928,173761916,2,1,1
chr4,173808552,173834575,2,1,1
chr4,173850349,173855299,2,1,1
chr4,173860718,173969553,2,1,1
chr4,173860750,173861838,2,1,1
chr4,174016793,174030169,2,1,1
chr4,174030169,174058263,2,1,1
chr4,174074731,174104076,2,1,1
chr4,174135309,174186108,2,1,1
chr4,174199939,174217588,2,1,1
chr4,174264760,174281381,2,1,1
chr4,174301717,174403211,2,1,1
chr4,174426144,174492233,2,1,1
chr4,174485228,174701552,2,1,1
chr4,174720263,174771535,2,1,1
chr4,174776461,174851924,2,1,1
chr4,174853339,174853339,2,1,1
chr4,174872973,174908250,2,1,1
chr4,174962377,174974493,2,1,1
chr4,174987671,175053774,2,1,1
chr4,175068515,175190159,2,1,1
chr4,175209932,175241128,2,1,1
chr4,175246203,175361250,2,1,1
chr4,175362176,175457667,2,1,1
chr4,175460403,175507115,2,1,1
chr4,175510158,175700260,2,1,1
chr4,175739954,175818252,2,1,1
chr4,175850874,175850874,2,1,1
chr4,175905639,175973436,2,1,1
chr4,175980154,176067532,2,1,1
chr4,176080541,176170783,2,1,1
chr4,176181273,176279491,2,1,1
chr4,176285962,176318077,2,1,1
chr4,176341813,176363228,2,1,1
chr4,176400209,176410587,2,1,1
chr4,176439537,176439537,2,1,1
chr4,176455149,176455149,2,1,1
chr4,176476210,176566022,2,1,1
chr4,176568564,176626272,2,1,1
chr4,176662693,176687553,2,1,1
chr4,176696212,176795300,2,1,1
chr4,176805407,176850708,2,1,1
chr4,176885354,176890241,2,1,1
chr4,176963298,176963298,2,1,1
chr4,176963298,176994613,2,1,1
chr4,177060071,177060071,2,1,1
chr4,177113764,177285112,2,1,1
chr4,177288207,177317109,2,1,1
chr4,177321393,177552536,2,1,1
chr4,177575129,177650136,2,1,1
chr4,177656752,177765752,2,1,1
chr4,177766647,177850523,2,1,1
chr4,177885655,177977077,2,1,1
chr4,178005325,178019148,2,1,1
chr4,178031539,178084994,2,1,1
chr4,178089898,178246486,2,1,1
chr4,178251938,178486983,2,1,1
chr4,178490338,178653340,2,1,1
chr4,178686614,178720733,2,1,1
chr4,178739560,178739560,2,1,1
chr4,178795815,178829770,2,1,1
chr4,178879008,178957400,2,1,1
chr4,178983792,179124461,2,1,1
chr4,179133122,179208760,2,1,1
chr4,179217305,179265157,2,1,1
chr4,179280370,179420957,2,1,1
chr4,179427756,179462041,2,1,1
chr4,179482210,179542504,2,1,1
chr4,179591402,179591402,2,1,1
chr4,179637860,179641943,2,1,1
chr4,179678448,179678448,2,1,1
chr4,179685507,179707986,2,1,1
chr4,179783582,179784382,2,1,1
chr4,179811725,179831421,2,1,1
chr4,179893998,179914944,2,1,1
chr4,179935752,180219446,2,1,1
chr4,180221230,180338668,2,1,1
chr4,180409678,180409682,2,1,1
chr4,180465905,180467282,2,1,1
chr4,180498778,180498778,2,1,1
chr4,180533319,180533319,2,1,1
chr4,180535680,180550594,2,1,1
chr4,180571768,180655879,2,1,1
chr4,180684535,180717617,2,1,1
chr4,180744886,180750745,2,1,1
chr4,180750745,180778573,2,1,1
chr4,180798087,180818648,2,1,1
chr4,180848355,180850072,2,1,1
chr4,180888433,180917594,2,1,1
chr4,180923802,181058545,2,1,1
chr4,181058545,181078295,2,1,1
chr4,181075773,181091596,2,1,1
chr4,181097554,181171785,2,1,1
chr4,181179470,181300057,2,1,1
chr4,181316199,181356041,2,1,1
chr4,181430431,181499571,2,1,1
chr4,181500662,181619284,2,1,1
chr4,181633492,181753666,2,1,1
chr4,181761859,181856365,2,1,1
chr4,181858372,181858372,2,1,1
chr4,181861655,181945203,2,1,1
chr4,181959788,182383615,2,1,1
chr4,182118858,182120174,2,1,1
chr4,182383615,182407973,2,1,1
chr4,182418100,182489009,2,1,1
chr4,182470600,182470600,2,1,1
chr4,182499387,182513407,2,1,1
chr4,182563020,182633458,2,1,1
chr4,182655172,182683492,2,1,1
chr4,182686437,182742349,2,1,1
chr4,182790626,183380952,2,1,1
chr4,183397509,183562249,2,1,1
chr4,183593318,183894729,2,1,1
chr4,183924602,184097773,2,1,1
chr4,184107745,184232222,2,1,1
chr4,184237800,184283684,2,1,1
chr4,184312131,184513023,2,1,1
chr4,184535291,184627526,2,1,1
chr4,184643621,184778304,2,1,1
chr4,184807256,185060759,2,1,1
chr4,185079947,185386196,2,1,1
chr4,185401028,185437271,2,1,1
chr4,185480531,185732562,2,1,1
chr4,185774607,185982084,2,1,1
chr4,186008017,186032633,2,1,1
chr4,186077614,186289709,2,1,1
chr4,186289709,186316579,2,1,1
chr4,186370364,186523344,2,1,1
chr4,186525785,186729530,2,1,1
chr4,186741432,186900248,2,1,1
chr4,186901888,186979303,2,1,1
chr4,186980999,187035160,2,1,1
chr4,187029831,187354542,2,1,1
chr4,187357027,187411297,2,1,1
chr4,187414427,187416681,2,1,1
chr4,187490357,187525941,2,1,1
chr4,187529695,187549364,2,1,1
chr4,187552811,187906040,2,1,1
chr4,187925710,187980880,2,1,1
chr4,187998952,188175565,2,1,1
chr4,188196396,188257944,2,1,1
chr4,188275765,188493863,2,1,1
chr4,188540005,188557573,2,1,1
chr4,188579175,188580753,2,1,1
chr4,188579220,188593826,2,1,1
chr4,188580753,188593474,2,1,1
chr4,188629445,188629445,2,1,1
chr4,188650233,188650233,2,1,1
chr4,188698095,188700744,2,1,1
chr4,188721214,188732069,2,1,1
chr4,188770987,188783868,2,1,1
chr4,188794449,188803707,2,1,1
chr4,188822971,188916240,2,1,1
chr4,188930234,189076380,2,1,1
chr4,189076705,189164091,2,1,1
chr4,189166371,189191166,2,1,1
chr4,189201241,189225148,2,1,1
chr4,189237072,189536646,2,1,1
chr4,189535258,189713653,2,1,1
chr4,189724692,189739670,2,1,1
chr4,189744378,189762669,2,1,1
chr4,189791022,189864114,2,1,1
chr4,189885883,189978510,2,1,1
chr4,189991502,190093329,2,1,1
chr4,190094261,190237097,2,1,1
chr4,190258771,190298856,2,1,1
chr5,50702851,58355300,3,2,1
chr5,58868556,180729006,3,2,1
chr6,57205693,58652324,3,2,1
chr7,33768,57881243,3,2,1
chr7,62929551,159075726,3,2,1
chr8,151591,43086257,3,2,1
chr8,48138785,116974656,3,2,1
chr8,116979466,117111910,4,3,1
chr8,120552015,144654594,4,3,1
chr8,144655315,145827869,3,2,1
chr9,62154,44862146,3,2,1
chr9,66245063,121295287,3,2,1
chr9,121300561,141105225,5,4,1
chr10,268408,519164,2,1,1
chr10,515870,902470,2,1,1
chr10,922861,1534119,2,1,1
chr10,1535739,1623734,2,1,1
chr10,1653012,1947098,2,1,1
chr10,1956828,1980046,2,1,1
chr10,1987080,2253502,2,1,1
chr10,2259922,2297365,2,1,1
chr10,2329917,2399070,2,1,1
chr10,2415593,2619001,2,1,1
chr10,2627776,3281489,2,1,1
chr10,3284905,3396208,2,1,1
chr10,3396208,3447085,2,1,1
chr10,3466881,3574324,2,1,1
chr10,3580253,3642254,2,1,1
chr10,3654200,3761111,2,1,1
chr10,3770670,3902263,2,1,1
chr10,3928657,4169140,2,1,1
chr10,4202582,4296970,2,1,1
chr10,4296970,4329440,2,1,1
chr10,4370643,4533032,2,1,1
chr10,4538940,4835826,2,1,1
chr10,4841905,5171154,2,1,1
chr10,5173746,5385029,2,1,1
chr10,5424235,5456069,2,1,1
chr10,5459596,5482290,2,1,1
chr10,5495157,5728174,2,1,1
chr10,5744985,6719105,2,1,1
chr10,6715255,6820176,2,1,1
chr10,6844777,6881337,2,1,1
chr10,6878523,7006906,2,1,1
chr10,7009081,7436495,2,1,1
chr10,7440600,7566628,2,1,1
chr10,7572864,7763895,2,1,1
chr10,7804587,7827835,2,1,1
chr10,7850911,7864416,2,1,1
chr10,7864416,7881041,2,1,1
chr10,7892660,8433310,2,1,1
chr10,8429042,8645981,2,1,1
chr10,8646175,8832558,2,1,1
chr10,8834391,8920913,2,1,1
chr10,8925373,8925373,2,1,1
chr10,8960073,8978542,2,1,1
chr10,8988655,9120362,2,1,1
chr10,9131711,9213098,2,1,1
chr10,9248473,9271542,2,1,1
chr10,9276757,9302263,2,1,1
chr10,9318789,9360038,2,1,1
chr10,9373946,9435714,2,1,1
chr10,9448569,9454654,2,1,1
chr10,9465089,9487099,2,1,1
chr10,9487099,9516693,2,1,1
chr10,9533424,9604487,2,1,1
chr10,9619109,9690069,2,1,1
chr10,9703515,9749211,2,1,1
chr10,9758710,9993593,2,1,1
chr10,10037896,10197009,2,1,1
chr10,10228487,10264651,2,1,1
chr10,10297629,10297629,2,1,1
chr10,10298770,10488369,2,1,1
chr10,10514307,10607445,2,1,1
chr10,10601319,11055589,2,1,1
chr10,11069393,11246734,2,1,1
chr10,11258812,11355923,2,1,1
chr10,11361182,11488309,2,1,1
chr10,11512648,11515661,2,1,1
chr10,11514145,11514145,2,1,1
chr10,11562065,11671697,2,1,1
chr10,11693166,11873528,2,1,1
chr10,11878192,11997053,2,1,1
chr10,12003593,12011157,2,1,1
chr10,12014164,12154453,2,1,1
chr10,12155695,12448151,2,1,1
chr10,12449782,13155726,2,1,1
chr10,13178057,14283014,2,1,1
chr10,14293277,14470284,2,1,1
chr10,14485998,15246346,2,1,1
chr10,15259920,15281584,2,1,1
chr10,15268829,15277623,2,1,1
chr10,15285833,15644736,2,1,1
chr10,15655541,15734262,2,1,1
chr10,15752058,16005405,2,1,1
chr10,16025639,16040506,2,1,1
chr10,16038675,16068534,2,1,1
chr10,16070689,16111499,2,1,1
chr10,16122269,16171368,2,1,1
chr10,16171361,16219589,2,1,1
chr10,16225398,16355503,2,1,1
chr10,16389784,16657840,2,1,1
chr10,16707633,16759606,2,1,1
chr10,16779115,16933550,2,1,1
chr10,16945193,17062970,2,1,1
chr10,17056475,17119728,2,1,1
chr10,17135940,17525343,2,1,1
chr10,17529685,17742449,2,1,1
chr10,17754812,17777789,2,1,1
chr10,18221637,18415289,2,1,1
chr10,18418553,18819869,2,1,1
chr10,18842644,19053827,2,1,1
chr10,19080968,19148051,2,1,1
chr10,19153339,19210120,2,1,1
chr10,19219130,19376270,2,1,1
chr10,19415683,19474098,2,1,1
chr10,19477472,19539860,2,1,1
chr10,19540391,19580562,2,1,1
chr10,19611978,19752960,2,1,1
chr10,19753924,19941513,2,1,1
chr10,19950428,20029063,2,1,1
chr10,20036080,20063914,2,1,1
chr10,20088540,20228109,2,1,1
chr10,20245612,20340430,2,1,1
chr10,20345285,20488194,2,1,1
chr10,20490082,20532664,2,1,1
chr10,20532832,20584241,2,1,1
chr10,20588380,20627529,2,1,1
chr10,20655626,21505385,2,1,1
chr10,21508178,21605178,2,1,1
chr10,21621449,21817955,2,1,1
chr10,21817955,21834489,2,1,1
chr10,21859141,21884113,2,1,1
chr10,21936665,21969403,2,1,1
chr10,21996624,22019212,2,1,1
chr10,22054721,22118445,2,1,1
chr10,22108840,22156961,2,1,1
chr10,22109560,22109560,2,1,1
chr10,22162596,22177413,2,1,1
chr10,22184104,22225569,2,1,1
chr10,22240299,22383063,2,1,1
chr10,22394106,22425805,2,1,1
chr10,22450021,22490042,2,1,1
chr10,22539857,22578582,2,1,1
chr10,22586712,22639749,2,1,1
chr10,22646163,22704000,2,1,1
chr10,22698019,22914954,2,1,1
chr10,22919896,23516301,2,1,1
chr10,23522719,23981571,2,1,1
chr10,24005693,24094142,2,1,1
chr10,24112620,24870874,2,1,1
chr10,24889901,24963908,2,1,1
chr10,24977920,25072615,2,1,1
chr10,25078878,25200465,2,1,1
chr10,25213585,25277891,2,1,1
chr10,25307584,25433871,2,1,1
chr10,25436020,25638426,2,1,1
chr10,25640360,25706008,2,1,1
chr10,25708317,25735163,2,1,1
chr10,25742991,25939844,2,1,1
chr10,25952281,25980407,2,1,1
chr10,25985628,26084765,2,1,1
chr10,26099489,26104606,2,1,1
chr10,26128831,26130821,2,1,1
chr10,26138394,26252500,2,1,1
chr10,26257740,26405095,2,1,1
chr10,26417531,26708151,2,1,1
chr10,26726502,26915750,2,1,1
chr10,26916897,27269249,2,1,1
chr10,27275873,27433636,2,1,1
chr10,27434968,27968654,2,1,1
chr10,27983580,27995169,2,1,1
chr10,28021813,28042240,2,1,1
chr10,28054824,28113314,2,1,1
chr10,28113314,28141355,2,1,1
chr10,28173266,28228771,2,1,1
chr10,28235277,28315222,2,1,1
chr10,28334476,28338057,2,1,1
chr10,28342021,28777921,2,1,1
chr10,28800023,28875395,2,1,1
chr10,28879838,29174580,2,1,1
chr10,29175088,29685320,2,1,1
chr10,29719987,29719987,2,1,1
chr10,29734231,29768457,2,1,1
chr10,29777762,30414255,2,1,1
chr10,30420194,30720462,2,1,1
chr10,30742388,31054104,2,1,1
chr10,31078853,31112495,2,1,1
chr10,31110997,31398799,2,1,1
chr10,31398799,31503411,2,1,1
chr10,31550174,31551342,2,1,1
chr10,31559619,31595454,2,1,1
chr10,31649294,31668360,2,1,1
chr10,31701457,31719667,2,1,1
chr10,31741300,31847176,2,1,1
chr10,31860215,32090117,2,1,1
chr10,32146527,32147833,2,1,1
chr10,32155952,32155952,2,1,1
chr10,32185594,32215365,2,1,1
chr10,32239764,32269054,2,1,1
chr10,32308293,32488523,2,1,1
chr10,32503008,32554984,2,1,1
chr10,32614460,32627217,2,1,1
chr10,32638163,32640808,2,1,1
chr10,32676923,32830432,2,1,1
chr10,32837019,34000629,2,1,1
chr10,34023459,34823300,2,1,1
chr10,34826420,34878916,2,1,1
chr10,34880985,35282921,2,1,1
chr10,35318648,35318648,2,1,1
chr10,35339061,35339061,2,1,1
chr10,35349069,35378748,2,1,1
chr10,35432412,35470584,2,1,1
chr10,35495698,35515242,2,1,1
chr10,35529047,35947551,2,1,1
chr10,35949776,36140231,2,1,1
chr10,36140231,36170234,2,1,1
chr10,36172842,36248420,2,1,1
chr10,36303403,36506822,2,1,1
chr10,36515075,36620304,2,1,1
chr10,36627328,36851682,2,1,1
chr10,36885977,36993062,2,1,1
chr10,37001827,37093044,2,1,1
chr10,37132861,37151778,2,1,1
chr10,37183213,37391071,2,1,1
chr10,37394296,37468497,2,1,1
chr10,37494385,37525394,2,1,1
chr10,37535270,37733039,2,1,1
chr10,37733039,37866549,2,1,1
chr10,37865248,37999467,2,1,1
chr10,42717993,135475001,3,2,1
chr11,321017,322369,2,1,1
chr11,361053,365039,2,1,1
chr11,398164,398428,2,1,1
chr11,419787,419794,2,1,1
chr11,435503,437050,2,1,1
chr11,459137,511213,2,1,1
chr11,530475,537171,2,1,1
chr11,581229,618820,2,1,1
chr11,642735,667369,2,1,1
chr11,696762,696762,2,1,1
chr11,735401,746205,2,1,1
chr11,833812,859369,2,1,1
chr11,871531,887244,2,1,1
chr11,965170,965201,2,1,1
chr11,995715,1042118,2,1,1
chr11,1059542,1079788,2,1,1
chr11,1079183,1100531,2,1,1
chr11,1309017,1309111,2,1,1
chr11,1362941,1377661,2,1,1
chr11,1433720,1454158,2,1,1
chr11,1454111,1487514,2,1,1
chr11,1490643,1507244,2,1,1
chr11,1507244,1559057,2,1,1
chr11,1635138,1649701,2,1,1
chr11,1643228,1707133,2,1,1
chr11,1683136,1683136,2,1,1
chr11,1752394,1752394,2,1,1
chr11,2277711,2277711,2,1,1
chr11,2310262,2310431,2,1,1
chr11,2340796,2383611,2,1,1
chr11,2400682,2400682,2,1,1
chr11,2565494,2565498,2,1,1
chr11,2755030,2755034,2,1,1
chr11,2899586,3283810,4,2,2
chr11,3357391,3672455,4,2,2
chr11,3678612,5496881,4,2,2
chr11,5496569,5852994,4,2,2
chr11,5869560,6411732,4,2,2
chr11,6404199,6502727,4,2,2
chr11,6534559,6809254,4,2,2
chr11,6835164,7244757,4,2,2
chr11,7256449,7752058,4,2,2
chr11,7761889,7954743,4,2,2
chr11,7954743,9584364,4,2,2
chr11,9584364,9914904,4,2,2
chr11,9930234,9930234,4,3,1
chr11,9960872,9960872,4,2,2
chr11,10023341,10026657,4,2,2
chr11,10058400,10058400,4,2,2
chr11,10100231,10100231,4,2,2
chr11,10116980,10153385,4,2,2
chr11,10187741,10188537,4,3,1
chr11,10187741,10230856,4,3,1
chr11,10224974,10224974,4,2,2
chr11,10266621,10287421,4,3,1
chr11,10287421,10321270,4,2,2
chr11,10321270,10351016,4,2,2
chr11,12764634,12929504,4,2,2
chr11,12950542,13186404,4,2,2
chr11,13187977,20436614,3,2,1
chr11,20436902,21001719,4,2,2
chr11,21002025,21702847,4,2,2
chr11,21705222,21993390,4,2,2
chr11,21999054,22413586,3,2,1
chr11,22545863,22575303,2,1,1
chr11,23264356,24135814,3,2,1
chr11,24140697,24152490,2,1,1
chr11,24517564,24517574,2,1,1
chr11,24547693,24561675,2,1,1
chr11,24564716,25240308,3,2,1
chr11,25243463,25252662,4,3,1
chr11,25254272,25586151,4,2,2
chr11,25592796,27613500,6,4,2
chr11,27622116,27622116,4,2,2
chr11,27633409,28082421,4,2,2
chr11,28082889,28539304,4,2,2
chr11,28613957,28613957,4,2,2
chr11,28623873,28943056,4,2,2
chr11,28946755,29623402,6,4,2
chr11,29624034,29737385,4,2,2
chr11,29742928,29781324,4,2,2
chr11,29795497,29828546,4,2,2
chr11,29835043,30161164,4,2,2
chr11,30300692,30920897,4,2,2
chr11,30934691,31642005,4,2,2
chr11,31655108,32218128,4,2,2
chr11,32215831,32823186,4,2,2
chr11,32824898,32937406,4,2,2
chr11,32960559,33012967,4,2,2
chr11,32968284,32972921,4,2,2
chr11,33020946,33449794,4,2,2
chr11,33479527,33483558,4,2,2
chr11,33518765,33556340,4,2,2
chr11,33577314,34706224,4,2,2
chr11,34714317,35587163,4,2,2
chr11,35627648,36253608,4,2,2
chr11,36281591,36306202,4,2,2
chr11,36307295,44177054,3,2,1
chr11,47574081,49787879,6,4,2
chr11,49788566,51547237,3,2,1
chr11,55700572,59651952,3,2,1
chr11,59660953,60876172,4,2,2
chr11,60886439,60938963,4,2,2
chr11,60938963,60974895,4,2,2
chr11,61016486,61557803,4,2,2
chr11,61594788,62877605,4,2,2
chr11,62883771,63637102,4,2,2
chr11,63663781,63957835,4,2,2
chr11,63968062,64320605,4,2,2
chr11,64323507,65284024,4,2,2
chr11,65282478,65705293,4,2,2
chr11,65739053,65771507,4,2,2
chr11,65884366,65884366,4,3,1
chr11,65897115,65967176,4,2,2
chr11,65996718,65999778,4,2,2
chr11,66029275,66365971,4,2,2
chr11,66574849,66594523,4,2,2
chr11,66673093,67408885,4,2,2
chr11,67455825,69043896,4,2,2
chr11,69150936,69655210,4,2,2
chr11,69784833,69879910,4,2,2
chr11,69908664,70409894,4,2,2
chr11,70409894,70542869,4,2,2
chr11,70551028,70801565,4,2,2
chr11,70805287,72080769,4,2,2
chr11,72118937,72955742,4,2,2
chr11,72986113,75552129,4,2,2
chr11,75566219,75589958,4,3,1
chr11,75599322,75625259,4,2,2
chr11,75625259,75682342,4,2,2
chr11,75699024,76895946,4,2,2
chr11,76908732,78274835,4,2,2
chr11,78293084,78321626,4,2,2
chr11,78350995,78876126,4,2,2
chr11,78879557,79084637,4,2,2
chr11,79160171,79658839,4,2,2
chr11,79658839,80470279,4,2,2
chr11,80500236,80518536,4,2,2
chr11,80518536,81236197,4,2,2
chr11,81236925,81300433,4,2,2
chr11,81303849,81629268,4,2,2
chr11,81633738,81664514,4,2,2
chr11,81671834,81930056,4,2,2
chr11,81928085,82086507,4,2,2
chr11,82086507,82175299,4,3,1
chr11,82169984,82169984,4,2,2
chr11,82194359,82839134,4,2,2
chr11,82901859,83818024,4,2,2
chr11,83853295,84490237,4,2,2
chr11,84107118,84114550,4,3,1
chr11,84490540,84717684,4,2,2
chr11,84737738,84783866,4,2,2
chr11,84801482,84883091,4,2,2
chr11,84917381,84975040,4,2,2
chr11,85019222,85033711,4,2,2
chr11,85058742,85067346,4,3,1
chr11,85067820,85458076,4,2,2
chr11,85460909,88245219,3,2,1
chr11,88246001,88730265,4,2,2
chr11,88303895,88303895,4,2,2
chr11,88740608,88740608,4,2,2
chr11,88742518,88773326,4,3,1
chr11,88753040,88784733,4,2,2
chr11,88764073,89165069,4,2,2
chr11,89159657,89265602,4,2,2
chr11,89268613,89285240,4,3,1
chr11,89285240,89375549,4,3,1
chr11,89390258,89410619,4,2,2
chr11,89420242,89448148,4,2,2
chr11,89468776,89490587,4,3,1
chr11,89507429,89538246,4,2,2
chr11,89538235,89551712,4,3,1
chr11,89596746,89635404,4,3,1
chr11,89731039,89797460,4,3,1
chr11,89797460,89864643,4,3,1
chr11,89899073,89899073,4,2,2
chr11,89913034,89915133,4,3,1
chr11,89913306,89915642,4,2,2
chr11,89960995,89960995,4,2,2
chr11,89970876,90013595,4,2,2
chr11,90030840,90583750,4,2,2
chr11,90560478,90571235,4,2,2
chr11,90589751,90729018,4,2,2
chr11,90731156,90934849,4,2,2
chr11,90954889,91098803,4,2,2
chr11,91104435,91165342,4,2,2
chr11,91177698,91177698,4,2,2
chr11,91203851,91217218,4,3,1
chr11,91240208,91433389,4,2,2
chr11,91453622,91735179,4,2,2
chr11,91735786,92786502,3,2,1
chr11,92787438,93761238,6,4,2
chr11,93762294,94642047,4,2,2
chr11,94650638,95045767,4,2,2
chr11,95075107,95357078,4,2,2
chr11,95380806,95731338,4,2,2
chr11,95756247,96241193,4,2,2
chr11,96447763,96611312,4,2,2
chr11,96648387,96961034,4,2,2
chr11,96997167,97428053,4,2,2
chr11,97428053,97528696,4,2,2
chr11,97548063,97690799,4,2,2
chr11,97760230,97775240,4,2,2
chr11,97799061,97875876,4,2,2
chr11,97887983,98125404,4,2,2
chr11,98139300,98421745,4,2,2
chr11,98431542,98642608,4,2,2
chr11,98692325,98848035,4,2,2
chr11,98848035,98897805,4,2,2
chr11,98928515,99138651,4,2,2
chr11,99154873,99165667,4,2,2
chr11,99170228,99542024,4,2,2
chr11,99552069,99795783,4,2,2
chr11,99811892,99923901,4,2,2
chr11,99949450,100345438,4,2,2
chr11,100371373,101832880,4,2,2
chr11,101877015,102205037,4,2,2
chr12,152101,33299753,3,2,1
chr12,38200075,38994062,4,2,2
chr12,39005549,39122599,4,2,2
chr12,39131625,39681197,4,2,2
chr12,39361193,39361193,4,3,1
chr12,39705728,39722824,4,2,2
chr12,39711648,39722984,4,2,2
chr12,39722824,39749267,4,2,2
chr12,39759742,39777032,4,2,2
chr12,39827783,39827783,4,2,2
chr12,39839844,39870480,4,2,2
chr12,39864223,39864223,4,3,1
chr12,39865050,39868360,4,2,2
chr12,39899463,39924424,4,2,2
chr12,39959967,40006177,4,2,2
chr12,40031210,40054311,4,3,1
chr12,40058846,40058846,4,2,2
chr12,40105439,40140753,4,3,1
chr12,40151685,40442892,4,2,2
chr12,40474460,40513070,4,3,1
chr12,40584339,40607510,4,2,2
chr12,40653713,40670998,4,2,2
chr12,40721053,40775578,4,2,2
chr12,40775578,40858122,4,2,2
chr12,40852218,41480492,4,2,2
chr12,41469448,41469507,4,2,2
chr12,41499819,42060260,4,2,2
chr12,42036872,42050150,4,2,2
chr12,42060543,43265788,4,2,2
chr12,43268517,43360650,4,2,2
chr12,43380258,43641134,4,2,2
chr12,43650754,43881326,4,2,2
chr12,43883451,44990325,4,2,2
chr12,45014793,45019798,4,3,1
chr12,45027974,45044536,4,3,1
chr12,45159694,45171352,4,2,2
chr12,45189264,45360357,4,2,2
chr12,45361220,45687290,4,2,2
chr12,45709024,45926514,4,2,2
chr12,45948982,45995296,4,2,2
chr12,46019500,46037883,4,2,2
chr12,46048778,46624112,4,2,2
chr12,46645072,46818672,4,2,2
chr12,46821155,47732413,4,2,2
chr12,47729888,47807889,4,2,2
chr12,47817702,48643738,4,2,2
chr12,48649483,48747115,4,2,2
chr12,48778327,48851073,4,2,2
chr12,48885349,48923635,4,2,2
chr12,48923635,49506940,4,2,2
chr12,49523195,49884651,4,2,2
chr12,49892629,50005470,4,2,2
chr12,50040811,50561542,4,2,2
chr12,50564351,50687160,4,2,2
chr12,50689985,52717792,4,2,2
chr12,52763087,55441078,4,2,2
chr12,55441078,55641328,4,2,2
chr12,55656617,56296381,4,2,2
chr12,56276325,56276325,4,2,2
chr12,56321297,56389789,4,2,2
chr12,56390364,133792436,3,2,1
chr14,19101140,107243252,3,2,1
chr15,20700463,40710800,3,2,1
chr15,42384211,43848410,4,2,2
chr15,43872584,43890116,4,2,2
chr15,43900153,43972142,4,2,2
chr15,43989530,44339709,4,2,2
chr15,44425062,44469907,4,2,2
chr15,44497236,44598642,4,2,2
chr15,44625142,44661891,4,2,2
chr15,44710214,44821843,4,2,2
chr15,44718673,44718673,4,3,1
chr15,44852101,45074519,4,2,2
chr15,45091211,45153410,4,2,2
chr15,45178953,45696966,4,2,2
chr15,45701911,45701911,4,3,1
chr15,45722973,45756123,4,3,1
chr15,45747227,45780109,4,3,1
chr15,45789390,45789390,4,2,2
chr15,45818102,45848153,4,2,2
chr15,45852774,45852774,4,2,2
chr15,45858386,45902779,4,3,1
chr15,45919130,46957200,4,2,2
chr15,46960871,47308784,4,2,2
chr15,47318461,48329542,4,2,2
chr15,48370103,48438839,4,2,2
chr15,48467688,48493916,4,2,2
chr15,48601944,48618287,4,3,1
chr15,48661442,48692263,4,2,2
chr15,48677676,48709734,4,2,2
chr15,48727965,48727965,4,3,1
chr15,48749084,48749084,4,2,2
chr15,48825032,48882105,4,2,2
chr15,48916165,48916165,4,3,1
chr15,48930964,48982226,4,2,2
chr15,49006358,49006358,4,2,2
chr15,49031535,49043765,4,2,2
chr15,49097734,49127703,4,3,1
chr15,49179116,49410486,4,2,2
chr15,49414418,49552348,4,2,2
chr15,49557532,50061361,4,2,2
chr15,50067278,50079769,4,3,1
chr15,50097453,51566240,4,2,2
chr15,51594931,52854109,4,2,2
chr15,52884797,52889417,4,3,1
chr15,52913592,52913592,4,3,1
chr15,52928577,52936449,4,2,2
chr15,52973079,52973079,4,2,2
chr15,53004116,53088648,4,2,2
chr15,53129343,53134471,4,2,2
chr15,53134471,54437095,4,2,2
chr15,54439509,54550478,4,2,2
chr15,54565547,54592000,4,2,2
chr15,54614767,54702739,4,2,2
chr15,54710595,54840969,4,2,2
chr15,54846720,55327015,4,2,2
chr15,55347304,56283632,4,2,2
chr15,56283632,56654878,4,2,2
chr15,56659828,56866974,4,2,2
chr15,56885045,56898612,4,3,1
chr15,56928238,56941976,4,2,2
chr15,56982170,57062263,4,2,2
chr15,57073025,57097986,4,2,2
chr15,57125676,57980056,4,2,2
chr15,57980812,59782386,4,2,2
chr15,59824564,60389369,4,2,2
chr15,60413113,60423164,4,3,1
chr15,60413113,62265507,4,2,2
chr15,62276467,62447328,4,2,2
chr15,62478939,64447351,4,2,2
chr15,64487094,64524980,4,2,2
chr15,64547802,64547802,4,2,2
chr15,64569268,64598561,4,2,2
chr15,64628253,64760366,4,2,2
chr15,64780186,64790170,4,2,2
chr15,64818815,66019303,4,2,2
chr15,66022999,66122644,4,2,2
chr15,66142863,67674711,4,2,2
chr15,67728352,67729191,4,2,2
chr15,67774216,68844344,4,2,2
chr15,68879285,69147146,4,2,2
chr15,69165473,69774717,4,2,2
chr15,69775668,70572002,4,2,2
chr15,70573650,72159416,4,2,2
chr15,72179178,72249179,4,2,2
chr15,72266174,72392048,4,2,2
chr15,72399167,72949837,4,2,2
chr15,72966804,73018453,4,2,2
chr15,73051093,73066713,4,2,2
chr15,73066713,73764533,4,2,2
chr15,73788852,73788852,4,2,2
chr15,73831671,73831671,4,2,2
chr15,73850401,73902338,4,2,2
chr15,73922005,74368492,4,2,2
chr15,74381870,74503494,4,2,2
chr15,74507801,74720714,4,2,2
chr15,74769589,74803613,4,2,2
chr15,74826115,74895665,4,2,2
chr15,74935894,75170565,4,2,2
chr15,75166743,75570812,4,2,2
chr15,75588262,75893088,4,2,2
chr15,75908754,76258476,4,2,2
chr15,76274512,76879119,4,2,2
chr15,76897212,77346140,4,2,2
chr15,77354037,79147003,4,2,2
chr15,79147003,79313844,4,2,2
chr15,79324934,79551185,4,2,2
chr15,79537336,81612394,4,2,2
chr15,81667437,82001908,4,2,2
chr15,82050037,82579829,4,2,2
chr15,83213963,84833769,4,2,2
chr15,85062703,85731725,4,2,2
chr15,85774110,87126394,4,2,2
chr15,87158807,87226638,4,2,2
chr15,87268372,87364849,4,2,2
chr15,87375873,89345296,4,2,2
chr15,89367307,89810225,4,2,2
chr15,89812840,90235994,4,2,2
chr15,90261187,90799838,4,2,2
chr15,90837721,91247899,4,2,2
chr15,91268988,94591950,4,2,2
chr15,94600371,94982326,4,2,2
chr15,94988175,95296490,4,2,2
chr15,95313064,95486291,4,2,2
chr15,95500042,95522280,4,3,1
chr15,95522280,95699770,4,2,2
chr15,95715588,95999505,4,2,2
chr15,96003360,96357991,4,2,2
chr15,96378315,96612125,3,2,1
chr15,96613445,96860873,4,2,2
chr15,96860873,97602542,4,2,2
chr15,97094594,97118182,4,3,1
chr15,97605573,97951302,4,2,2
chr15,97951222,97979363,4,3,1
chr15,97997991,98010079,4,3,1
chr15,98000809,98000809,4,2,2
chr15,98028945,98196591,4,2,2
chr15,98193100,98542250,4,2,2
chr15,98547502,98586006,4,2,2
chr15,98625340,99796070,4,2,2
chr15,99799817,100411857,4,2,2
chr15,100417467,102432136,4,2,2
chr16,83458,133280,4,3,1
chr16,137227,32221130,3,2,1
chr16,32526143,32656355,2,1,1
chr16,32818234,32973407,2,1,1
chr16,32999618,32999672,2,1,1
chr16,33021118,33074861,2,1,1
chr16,33297424,33555564,2,1,1
chr16,33558340,33625736,2,1,1
chr16,33642269,33661543,2,1,1
chr16,33713871,34599468,3,2,1
chr16,46581821,90171883,3,2,1
chr17,2367,22198299,3,2,1
chr17,25803815,81149937,3,2,1
chr18,746282,15364762,3,2,1
chr18,19000183,77969829,3,2,1
chr19,12898811,13239726,4,3,1
chr19,13268244,13999740,3,2,1
chr19,14000870,18206681,4,3,1
chr19,18207397,21494541,3,2,1
chr19,21614708,22475348,2,1,1
chr19,22477447,23389052,2,1,1
chr19,23393286,23930216,2,1,1
chr19,23933451,24302307,3,2,1
chr19,28600844,38622404,3,2,1
chr19,38629061,38740063,2,1,1
chr19,38740063,38760471,2,1,1
chr19,38863508,38871347,2,1,1
chr19,38895741,39002725,2,1,1
chr19,39037429,39066176,2,1,1
chr19,39105992,39198553,2,1,1
chr19,39242747,39242747,2,1,1
chr19,39248191,39252848,2,1,1
chr19,39250832,39250832,2,1,1
chr19,39288929,39370217,2,1,1
chr19,39370456,41304349,3,2,1
chr19,41317296,41730693,2,1,1
chr19,41732917,41996487,2,1,1
chr19,42003630,42025571,2,1,1
chr19,42014533,42014533,2,1,1
chr19,42025571,42102370,2,1,1
chr19,42102370,42354944,2,1,1
chr19,42359915,42426245,2,1,1
chr19,42467607,42502025,2,1,1
chr19,42502025,42538637,2,1,1
chr19,42529422,42570851,2,1,1
chr19,42591484,42620259,2,1,1
chr19,42653311,42762981,2,1,1
chr19,42749103,42941059,2,1,1
chr19,42957452,42957452,2,1,1
chr19,42972391,43025477,2,1,1
chr19,43021123,43167350,2,1,1
chr19,43167350,43185045,2,1,1
chr19,43204598,43436195,2,1,1
chr19,43438425,43488886,2,1,1
chr19,43532498,43563203,2,1,1
chr19,43544190,43563203,2,1,1
chr19,43581798,44689024,2,1,1
chr19,44689024,44787867,2,1,1
chr19,44798918,44798918,2,1,1
chr19,44841882,44931363,2,1,1
chr19,44959070,46010682,2,1,1
chr19,46042947,46682553,2,1,1
chr19,46710929,47511057,2,1,1
chr19,47514345,47905687,2,1,1
chr19,47923778,48034780,2,1,1
chr19,48059811,48405900,2,1,1
chr19,48449301,48598823,2,1,1
chr19,48599395,50293435,3,2,1
chr19,50294150,51535460,4,3,1
chr19,51538561,52006563,3,2,1
chr19,52006788,52131310,2,1,1
chr19,52152017,52690751,2,1,1
chr19,52690751,52788634,2,1,1
chr19,52814459,53669492,2,1,1
chr19,53669962,53702135,2,1,1
chr19,53759271,54145433,2,1,1
chr19,54047013,54062154,2,1,1
chr19,54163026,54513911,2,1,1
chr19,54515580,54546751,2,1,1
chr19,54599853,54646407,2,1,1
chr19,54682975,54779174,2,1,1
chr19,54810370,54850869,2,1,1
chr19,54873523,55086106,2,1,1
chr19,55078628,55274111,2,1,1
chr19,55292825,55477723,2,1,1
chr19,55478189,56098935,4,3,1
chr19,56099008,56890434,3,2,1
chr19,56898171,57294056,2,1,1
chr19,57304805,57488481,2,1,1
chr19,57497185,57497185,2,1,1
chr19,57519808,57545660,2,1,1
chr19,57550381,57601015,2,1,1
chr19,57677373,57685334,2,1,1
chr19,57690178,57801990,2,1,1
chr19,57825600,58431555,2,1,1
chr19,58470829,58470829,2,1,1
chr19,58512626,58512626,2,1,1
chr19,58538047,58595676,2,1,1
chr19,58599443,58911768,2,1,1
chr19,58938770,58938770,2,1,1
chr19,58938803,58938803,2,1,1
chr19,58992896,59053273,2,1,1
chr20,68749,175387,2,1,1
chr20,212016,612587,2,1,1
chr20,608945,1559101,2,1,1
chr20,1597228,2106116,2,1,1
chr20,2125793,2872458,2,1,1
chr20,2899097,3085503,2,1,1
chr20,3117267,3464300,2,1,1
chr20,3488601,3523756,2,1,1
chr20,3493104,3503584,2,1,1
chr20,3544788,4406631,2,1,1
chr20,4432459,4553562,2,1,1
chr20,4564174,5397436,2,1,1
chr20,5400966,5530767,2,1,1
chr20,5546352,5914494,2,1,1
chr20,5932104,6519810,2,1,1
chr20,6521835,7093432,2,1,1
chr20,7102986,7298913,2,1,1
chr20,7300509,7431549,2,1,1
chr20,7442516,7543869,2,1,1
chr20,7547618,7575300,2,1,1
chr20,7589392,7751778,2,1,1
chr20,7778584,7789983,2,1,1
chr20,7789983,7843917,2,1,1
chr20,7800123,7805805,2,1,1
chr20,7854461,8082538,2,1,1
chr20,8104816,8448529,2,1,1
chr20,8456257,8563139,2,1,1
chr20,8588150,8642429,2,1,1
chr20,8659047,9081395,2,1,1
chr20,9088304,9205716,2,1,1
chr20,9213706,9281798,2,1,1
chr20,9286330,9726101,2,1,1
chr20,9739730,9852773,2,1,1
chr20,9862449,9919572,2,1,1
chr20,9921160,10536777,2,1,1
chr20,10547181,10994967,2,1,1
chr20,11013570,11256963,2,1,1
chr20,11265097,11659054,2,1,1
chr20,11670266,12499392,2,1,1
chr20,12487229,12578939,2,1,1
chr20,12576695,12682741,2,1,1
chr20,12709861,12877916,2,1,1
chr20,12863965,13343987,2,1,1
chr20,13352065,13518508,2,1,1
chr20,13397979,13400213,2,1,1
chr20,13524490,13548192,2,1,1
chr20,13577235,13703947,2,1,1
chr20,13708542,13900566,2,1,1
chr20,13933410,13992111,2,1,1
chr20,13997009,14109708,2,1,1
chr20,14140562,14229330,2,1,1
chr20,14249517,14289405,2,1,1
chr20,14406386,14406386,2,1,1
chr20,14466997,14517610,2,1,1
chr20,14559411,14632331,2,1,1
chr20,14657567,14657567,2,1,1
chr20,14694589,14760623,2,1,1
chr20,14760623,14793211,2,1,1
chr20,14809311,14815597,2,1,1
chr20,14864584,14892199,2,1,1
chr20,14915051,14957583,2,1,1
chr20,14996747,15008203,2,1,1
chr20,15025216,15057116,2,1,1
chr20,15057116,15121081,2,1,1
chr20,15126507,15230613,2,1,1
chr20,15233464,15433602,2,1,1
chr20,15459198,15734849,2,1,1
chr20,15736113,15768237,2,1,1
chr20,15785217,15933745,2,1,1
chr20,15948439,16819694,2,1,1
chr20,16848096,16874153,2,1,1
chr20,16877845,17351353,2,1,1
chr20,17353849,17506678,2,1,1
chr20,17540138,18303447,2,1,1
chr20,18314211,18390129,2,1,1
chr20,18408250,18510182,2,1,1
chr20,18524027,18845428,2,1,1
chr20,18856657,18856657,2,1,1
chr20,18898782,18913329,2,1,1
chr20,18915986,19036806,2,1,1
chr20,19049569,20089628,2,1,1
chr20,20105400,20249996,2,1,1
chr20,20289548,20289548,2,1,1
chr20,20317908,20551000,2,1,1
chr20,20566548,20638301,2,1,1
chr20,20655108,20676694,2,1,1
chr20,20716414,20716414,2,1,1
chr20,20727919,21259208,2,1,1
chr20,21250956,21335113,2,1,1
chr20,21341014,21406018,2,1,1
chr20,21410663,21706764,2,1,1
chr20,21711165,21821699,2,1,1
chr20,21824630,21857145,2,1,1
chr20,21856979,21956189,2,1,1
chr20,21969511,22030864,2,1,1
chr20,22030112,22065466,2,1,1
chr20,22082270,22144460,2,1,1
chr20,22149939,22398598,2,1,1
chr20,22413750,22447155,2,1,1
chr20,22458104,22492122,2,1,1
chr20,22519597,22549895,2,1,1
chr20,22542495,23644387,2,1,1
chr20,23710342,23753925,2,1,1
chr20,23787842,23868926,2,1,1
chr20,23876162,23910476,2,1,1
chr20,23946943,24029766,2,1,1
chr20,24045930,24151034,2,1,1
chr20,24133362,24156151,2,1,1
chr20,24173344,24201830,2,1,1
chr20,24227140,24257501,2,1,1
chr20,24270442,24559535,2,1,1
chr20,24577509,24594148,2,1,1
chr20,24594148,25595868,2,1,1
chr20,29421008,62918839,4,3,1
chr21,14372563,14446200,2,1,1
chr21,14624690,48070651,3,2,1
